Time (ms),Nset (1/min),Torque (Nm),Current (V),Angle (deg),Depth (mm)
0.0,0.0,0.00281701656,-0.0146484375,0.0,0.126953125
1.0,4.0,0.00352127058,0.00122070313,0.0,0.123046875
2.0,8.0,0.007042541,0.0546264648,0.0,0.125
3.0,12.0,0.004929779,0.1687622,0.0,0.126953125
4.0,16.0,0.0169021,0.2911377,0.13333334,0.123046875
5.0,20.0,0.0274659116,0.310974121,0.13333334,0.123046875
6.0,24.0,0.0295786746,0.299072266,0.266666681,0.126953125
7.0,28.0,0.03450845,0.2975464,0.4,0.12890625
8.0,32.0,0.04225525,0.297851563,0.6666667,0.1328125
9.0,36.0,0.04929779,0.298156738,0.8,0.125
10.0,40.0,0.0366212167,0.3161621,1.06666672,0.125
11.0,44.0,0.02394464,0.335083,1.33333337,0.125
12.0,48.0,0.0253531486,0.335083,1.6,0.125
13.0,52.0,0.0281701647,0.335083,1.86666667,0.123046875
14.0,56.0,0.0281701647,0.335083,2.26666665,0.123046875
15.0,60.0,0.0295786746,0.335083,2.5333333,0.126953125
16.0,64.0,0.0316914357,0.335998535,2.9333334,0.125
17.0,68.0,0.0281701647,0.335083,3.33333325,0.12890625
18.0,72.0,0.0380297229,0.3567505,3.73333335,0.130859375
19.0,76.0,0.06831265,0.3567505,4.133333,0.125
20.0,80.0,0.114089169,0.3768921,4.66666651,0.12890625
21.0,84.0,0.09789132,0.412902832,5.0666666,0.126953125
22.0,88.0,0.04788928,0.450134277,5.6,0.125
23.0,92.0,0.03239569,0.440368652,6.133333,0.12109375
24.0,96.0,0.0176063534,0.38269043,6.8,0.12890625
25.0,100.0,0.0246488955,0.358276367,7.33333349,0.130859375
26.0,104.0,0.0302829277,0.375061035,7.866667,0.126953125
27.0,108.0,0.0302829277,0.377807617,8.533334,0.12109375
28.0,112.0,0.0380297229,0.393676758,9.2,0.123046875
29.0,116.0,0.0394382328,0.3955078,9.866667,0.125
30.0,120.0,0.0394382328,0.3955078,10.666667,0.126953125
31.0,124.0,0.0373254679,0.433044434,11.333333,0.123046875
32.0,128.0,0.0373254679,0.437011719,12.1333332,0.125
33.0,132.0,0.02042337,0.417480469,12.9333334,0.12109375
34.0,136.0,0.03591696,0.4159546,13.7333336,0.125
35.0,140.0,0.0380297229,0.436706543,14.5333338,0.123046875
36.0,144.0,0.0295786746,0.437927246,15.333333,0.12109375
37.0,148.0,0.05422757,0.440368652,16.2666664,0.119140625
38.0,152.0,0.04436801,0.4437256,17.0666676,0.123046875
39.0,156.0,0.0338042,0.4534912,18.0,0.1171875
40.0,160.0,0.0387339778,0.454101563,18.9333324,0.12109375
41.0,164.0,0.048593536,0.441589355,20.0,0.12890625
42.0,168.0,0.03591696,0.442504883,20.9333324,0.123046875
43.0,172.0,0.0316914357,0.4711914,22.0,0.126953125
44.0,176.0,0.0352127068,0.4751587,23.0666676,0.125
45.0,180.0,0.0281701647,0.4537964,24.1333332,0.126953125
46.0,184.0,0.045072265,0.438232422,25.2,0.123046875
47.0,188.0,0.0380297229,0.4711914,26.2666664,0.12890625
48.0,192.0,0.03591696,0.4751587,27.4666672,0.130859375
49.0,196.0,0.0471850261,0.456848145,28.5333328,0.126953125
50.0,200.0,0.0471850261,0.440063477,29.7333336,0.125
51.0,204.0,0.04929779,0.461425781,30.9333324,0.126953125
52.0,208.0,0.0387339778,0.493469238,32.2666664,0.12890625
53.0,212.0,0.0225361325,0.478515625,33.4666672,0.126953125
54.0,216.0,0.04788928,0.448913574,34.8,0.12890625
55.0,220.0,0.0605658554,0.443115234,36.1333351,0.12109375
56.0,224.0,0.0535233133,0.474243164,37.4666672,0.125
57.0,228.0,0.0267616566,0.496826172,38.8,0.125
58.0,232.0,0.0394382328,0.4675293,40.1333351,0.12109375
59.0,236.0,0.0619743653,0.439453125,41.6,0.125
60.0,240.0,0.0535233133,0.4788208,42.9333344,0.12890625
61.0,244.0,0.0253531486,0.511169434,44.4,0.12109375
62.0,248.0,0.0464807749,0.4925537,45.8666649,0.125
63.0,250.0,0.0549318232,0.44921875,47.3333321,0.125
64.0,250.0,0.0338042,0.4296875,48.9333344,0.12109375
65.0,250.0,0.0147893373,0.3753662,50.4,0.12109375
66.0,250.0,0.0366212167,0.301513672,51.8666649,0.125
67.0,250.0,0.02394464,0.294189453,53.3333321,0.123046875
68.0,250.0,0.0197191164,0.3414917,54.9333344,0.123046875
69.0,250.0,0.0338042,0.338745117,56.4,0.126953125
70.0,250.0,0.0436637551,0.3201294,57.8666649,0.12109375
71.0,250.0,0.0295786746,0.3326416,59.3333321,0.12109375
72.0,250.0,0.0176063534,0.356140137,60.8,0.123046875
73.0,250.0,0.0295786746,0.3375244,62.4,0.125
74.0,250.0,0.04084674,0.3189087,63.8666649,0.123046875
75.0,250.0,0.0267616566,0.334472656,65.3333359,0.123046875
76.0,250.0,0.0183106083,0.335083,66.8,0.12109375
77.0,250.0,0.0380297229,0.3201294,68.26667,0.12890625
78.0,250.0,0.0429595038,0.325317383,69.73333,0.12109375
79.0,250.0,0.0274659116,0.335083,71.3333359,0.125
80.0,250.0,0.0246488955,0.338134766,72.8,0.123046875
81.0,250.0,0.0387339778,0.322265625,74.26667,0.125
82.0,250.0,0.0338042,0.319824219,75.73333,0.123046875
83.0,250.0,0.0267616566,0.319519043,77.2,0.125
84.0,250.0,0.0330999456,0.3201294,78.8,0.126953125
85.0,250.0,0.0366212167,0.319824219,80.26667,0.125
86.0,250.0,0.0309871826,0.318603516,81.73333,0.125
87.0,250.0,0.02887442,0.311889648,83.2,0.123046875
88.0,250.0,0.045072265,0.2984619,84.6666641,0.125
89.0,250.0,0.0380297229,0.299377441,86.26667,0.125
90.0,250.0,0.0316914357,0.296325684,87.73333,0.123046875
91.0,250.0,0.0225361325,0.319519043,89.2,0.125
92.0,250.0,0.0394382328,0.299682617,90.6666641,0.123046875
93.0,250.0,0.0514105521,0.315551758,92.13333,0.125
94.0,250.0,0.0169021,0.319519043,93.6,0.12109375
95.0,250.0,0.0211276244,0.319213867,95.2,0.126953125
96.0,250.0,0.0352127068,0.301513672,96.6666641,0.123046875
97.0,250.0,0.0330999456,0.315551758,98.13333,0.126953125
98.0,250.0,0.0147893373,0.327148438,99.6,0.119140625
99.0,250.0,0.0373254679,0.329589844,101.066666,0.125
100.0,250.0,0.0380297229,0.319519043,102.666664,0.125
101.0,250.0,0.0218318775,0.3189087,104.133331,0.123046875
102.0,250.0,0.005634033,0.335083,105.6,0.126953125
103.0,250.0,0.03591696,0.319824219,107.066666,0.119140625
104.0,250.0,0.04577652,0.334777832,108.533333,0.125
105.0,250.0,0.0154935913,0.334777832,110.0,0.123046875
106.0,250.0,0.0183106083,0.335388184,111.6,0.12890625
107.0,250.0,0.0295786746,0.329284668,113.066666,0.12109375
108.0,250.0,0.0464807749,0.30090332,114.533333,0.123046875
109.0,250.0,0.0281701647,0.3173828,116.0,0.123046875
110.0,250.0,0.0281701647,0.335388184,117.466667,0.12890625
111.0,250.0,0.0274659116,0.3302002,118.933334,0.126953125
112.0,250.0,0.04225525,0.3201294,120.533333,0.12109375
113.0,250.0,0.0302829277,0.3250122,122.0,0.125
114.0,250.0,0.0211276244,0.335693359,123.466667,0.12109375
115.0,250.0,0.0281701647,0.3201294,124.933334,0.123046875
116.0,250.0,0.03450845,0.297851563,126.4,0.12109375
117.0,250.0,0.0274659116,0.319824219,127.866669,0.126953125
118.0,250.0,0.02394464,0.32043457,129.46666,0.119140625
119.0,250.0,0.0352127068,0.317993164,130.933334,0.125
120.0,250.0,0.0352127068,0.2972412,132.4,0.125
121.0,250.0,0.0338042,0.299072266,133.866669,0.119140625
122.0,250.0,0.0338042,0.299072266,135.333328,0.126953125
123.0,250.0,0.0373254679,0.305786133,136.933334,0.125
124.0,250.0,0.02887442,0.318603516,138.4,0.123046875
125.0,250.0,0.0260574035,0.30090332,139.866669,0.125
126.0,250.0,0.0366212167,0.2984619,141.333328,0.12109375
127.0,250.0,0.03239569,0.2972412,142.8,0.119140625
128.0,250.0,0.0218318775,0.315246582,144.266663,0.126953125
129.0,250.0,0.0274659116,0.319824219,145.866669,0.126953125
130.0,250.0,0.0471850261,0.2984619,147.333328,0.125
131.0,250.0,0.0246488955,0.32409668,148.8,0.126953125
132.0,250.0,0.0105638122,0.335693359,150.266663,0.123046875
133.0,250.0,0.0267616566,0.3189087,151.733337,0.125
134.0,250.0,0.0380297229,0.2987671,153.333328,0.123046875
135.0,250.0,0.0260574035,0.317688,154.8,0.125
136.0,250.0,0.03450845,0.335998535,156.266663,0.123046875
137.0,250.0,0.0338042,0.335083,157.733337,0.125
138.0,250.0,0.0436637551,0.335388184,159.2,0.123046875
139.0,250.0,0.0211276244,0.335083,160.666672,0.126953125
140.0,250.0,0.0253531486,0.329284668,162.266663,0.126953125
141.0,250.0,0.0302829277,0.319824219,163.733337,0.126953125
142.0,250.0,0.0302829277,0.332946777,165.2,0.119140625
143.0,250.0,0.03450845,0.3363037,166.666672,0.125
144.0,250.0,0.0225361325,0.335998535,168.133331,0.123046875
145.0,250.0,0.0338042,0.32043457,169.6,0.12109375
146.0,250.0,0.0267616566,0.31829834,171.2,0.12109375
147.0,250.0,0.0316914357,0.299377441,172.666672,0.126953125
148.0,250.0,0.0253531486,0.3173828,174.133331,0.119140625
149.0,250.0,0.0394382328,0.3189087,175.6,0.126953125
150.0,250.0,0.02394464,0.3012085,177.066666,0.125
151.0,250.0,0.0253531486,0.298156738,178.53334,0.126953125
152.0,250.0,0.0274659116,0.319519043,180.133331,0.12890625
153.0,250.0,0.0373254679,0.298156738,181.6,0.12109375
154.0,250.0,0.03239569,0.2975464,183.066666,0.126953125
155.0,250.0,0.0295786746,0.3161621,184.53334,0.12890625
156.0,250.0,0.0302829277,0.318603516,186.0,0.123046875
157.0,250.0,0.03239569,0.298156738,187.6,0.12109375
158.0,250.0,0.0352127068,0.2984619,189.066666,0.130859375
159.0,250.0,0.0302829277,0.297851563,190.53334,0.126953125
160.0,250.0,0.0366212167,0.2972412,192.0,0.125
161.0,250.0,0.0352127068,0.297851563,193.46666,0.125
162.0,250.0,0.0246488955,0.319519043,194.933334,0.125
163.0,250.0,0.0302829277,0.319213867,196.53334,0.12109375
164.0,250.0,0.03450845,0.3112793,198.0,0.123046875
165.0,250.0,0.0295786746,0.2984619,199.46666,0.125
166.0,250.0,0.0267616566,0.318603516,200.933334,0.126953125
167.0,250.0,0.0316914357,0.318603516,202.4,0.125
168.0,250.0,0.0295786746,0.318603516,203.866669,0.119140625
169.0,250.0,0.0253531486,0.319213867,205.46666,0.126953125
170.0,250.0,0.0274659116,0.319519043,206.933334,0.123046875
171.0,250.0,0.0338042,0.326843262,208.4,0.126953125
172.0,250.0,0.0253531486,0.319519043,209.866669,0.125
173.0,250.0,0.02887442,0.3250122,211.333328,0.126953125
174.0,250.0,0.0274659116,0.335693359,212.8,0.12890625
175.0,250.0,0.0295786746,0.32989502,214.4,0.119140625
176.0,250.0,0.0281701647,0.319213867,215.866669,0.126953125
177.0,250.0,0.0352127068,0.32989502,217.333328,0.125
178.0,250.0,0.0274659116,0.319519043,218.8,0.125
179.0,250.0,0.0338042,0.319519043,220.266663,0.125
180.0,250.0,0.0387339778,0.319824219,221.733337,0.125
181.0,250.0,0.0260574035,0.325317383,223.333328,0.130859375
182.0,250.0,0.0232403874,0.329589844,224.8,0.123046875
183.0,250.0,0.0267616566,0.318603516,226.266663,0.12890625
184.0,250.0,0.0316914357,0.319519043,227.733337,0.12890625
185.0,250.0,0.0260574035,0.302124023,229.2,0.126953125
186.0,250.0,0.0302829277,0.298156738,230.8,0.125
187.0,250.0,0.03450845,0.2972412,232.266663,0.125
188.0,250.0,0.03239569,0.31829834,233.733337,0.12890625
189.0,250.0,0.0295786746,0.298156738,235.2,0.130859375
190.0,250.0,0.0302829277,0.297851563,236.666672,0.12109375
191.0,250.0,0.0352127068,0.297851563,238.133331,0.125
192.0,250.0,0.0316914357,0.2984619,239.733337,0.12109375
193.0,250.0,0.0295786746,0.318603516,241.2,0.119140625
194.0,250.0,0.02394464,0.319213867,242.666672,0.125
195.0,250.0,0.0316914357,0.320739746,244.133331,0.126953125
196.0,250.0,0.03239569,0.298156738,245.6,0.125
197.0,250.0,0.0260574035,0.315246582,247.066666,0.123046875
198.0,250.0,0.03239569,0.3189087,248.666672,0.130859375
199.0,250.0,0.0330999456,0.319213867,250.133331,0.126953125
200.0,250.0,0.0316914357,0.319213867,251.6,0.123046875
201.0,250.0,0.0211276244,0.33203125,253.066666,0.123046875
202.0,250.0,0.0281701647,0.322265625,254.53334,0.12890625
203.0,250.0,0.0295786746,0.319213867,256.0,0.125
204.0,250.0,0.0267616566,0.3201294,257.6,0.123046875
205.0,250.0,0.0281701647,0.3189087,259.066681,0.12109375
206.0,250.0,0.0281701647,0.319519043,260.533325,0.12890625
207.0,250.0,0.0281701647,0.3189087,262.0,0.123046875
208.0,250.0,0.0302829277,0.319519043,263.466675,0.119140625
209.0,250.0,0.02887442,0.319213867,265.066681,0.125
210.0,250.0,0.02887442,0.319213867,266.533325,0.12890625
211.0,250.0,0.0295786746,0.319824219,268.0,0.125
212.0,250.0,0.0309871826,0.3189087,269.466675,0.126953125
213.0,250.0,0.0316914357,0.319213867,270.933319,0.12890625
214.0,250.0,0.03450845,0.311889648,272.4,0.12890625
215.0,250.0,0.0225361325,0.317688,274.0,0.126953125
216.0,250.0,0.0267616566,0.3189087,275.466675,0.123046875
217.0,250.0,0.0309871826,0.297851563,276.933319,0.126953125
218.0,250.0,0.0281701647,0.276794434,278.4,0.12890625
219.0,250.0,0.0281701647,0.294494629,279.866669,0.123046875
220.0,250.0,0.0260574035,0.2975464,281.333344,0.125
221.0,250.0,0.0330999456,0.2984619,282.933319,0.126953125
222.0,250.0,0.0225361325,0.30456543,284.4,0.119140625
223.0,250.0,0.02887442,0.2975464,285.866669,0.123046875
224.0,250.0,0.0302829277,0.2972412,287.333344,0.12109375
225.0,250.0,0.02394464,0.297851563,288.8,0.125
226.0,250.0,0.02394464,0.3173828,290.4,0.12109375
227.0,250.0,0.0302829277,0.318603516,291.866669,0.123046875
228.0,250.0,0.0274659116,0.2972412,293.333344,0.12109375
229.0,250.0,0.0253531486,0.3189087,294.8,0.130859375
230.0,250.0,0.0253531486,0.318603516,296.266663,0.125
231.0,250.0,0.02887442,0.311889648,297.733337,0.123046875
232.0,250.0,0.0302829277,0.3161621,299.333344,0.125
233.0,250.0,0.0190148614,0.33416748,300.8,0.130859375
234.0,250.0,0.0281701647,0.322265625,302.266663,0.123046875
235.0,250.0,0.0281701647,0.31829834,303.733337,0.125
236.0,250.0,0.0309871826,0.319213867,305.2,0.12109375
237.0,250.0,0.0176063534,0.319213867,306.666656,0.126953125
238.0,250.0,0.0330999456,0.319519043,308.266663,0.12109375
239.0,250.0,0.0309871826,0.319213867,309.733337,0.126953125
240.0,250.0,0.02887442,0.3201294,311.2,0.126953125
241.0,250.0,0.0274659116,0.335083,312.666656,0.12890625
242.0,250.0,0.0338042,0.319519043,314.133331,0.123046875
243.0,250.0,0.0190148614,0.319213867,315.6,0.12109375
244.0,250.0,0.03239569,0.3189087,317.2,0.12890625
245.0,250.0,0.0316914357,0.3024292,318.666656,0.125
246.0,250.0,0.0366212167,0.2972412,320.133331,0.125
247.0,250.0,0.0225361325,0.298156738,321.6,0.126953125
248.0,250.0,0.0267616566,0.2972412,323.066681,0.130859375
249.0,250.0,0.0330999456,0.297851563,324.666656,0.12109375
250.0,250.0,0.0253531486,0.2758789,326.133331,0.123046875
251.0,250.0,0.0253531486,0.2972412,327.6,0.125
252.0,250.0,0.0225361325,0.2984619,329.066681,0.130859375
253.0,250.0,0.0338042,0.296325684,330.533325,0.125
254.0,250.0,0.02394464,0.315551758,332.0,0.12109375
255.0,250.0,0.0302829277,0.319519043,333.6,0.126953125
256.0,250.0,0.009859558,0.2984619,335.066681,0.12890625
257.0,250.0,0.0253531486,0.297851563,336.533325,0.125
258.0,250.0,0.01197232,0.315856934,338.0,0.12890625
259.0,250.0,0.0232403874,0.319213867,339.466675,0.12109375
260.0,250.0,0.0246488955,0.298156738,340.933319,0.125
261.0,250.0,0.0387339778,0.317688,342.533325,0.125
262.0,250.0,0.0394382328,0.334777832,344.0,0.125
263.0,250.0,0.0140850823,0.335693359,345.466675,0.123046875
264.0,250.0,0.0232403874,0.3201294,346.933319,0.12109375
265.0,250.0,0.0232403874,0.318603516,348.4,0.123046875
266.0,250.0,0.0253531486,0.32043457,349.866669,0.12890625
267.0,250.0,0.0183106083,0.3201294,351.466675,0.12890625
268.0,250.0,0.0373254679,0.335388184,352.933319,0.119140625
269.0,250.0,0.0281701647,0.31829834,354.4,0.123046875
270.0,250.0,0.0190148614,0.3189087,355.866669,0.130859375
271.0,250.0,0.0225361325,0.319824219,357.333344,0.126953125
272.0,250.0,0.0330999456,0.318603516,358.8,0.12109375
273.0,250.0,0.0197191164,0.319519043,360.4,0.123046875
274.0,250.0,0.0246488955,0.319213867,361.866669,0.12890625
275.0,250.0,0.0373254679,0.319213867,363.333344,0.12890625
276.0,250.0,0.0352127068,0.298156738,364.8,0.125
277.0,250.0,0.02394464,0.298156738,366.266663,0.12109375
278.0,250.0,0.02887442,0.299682617,367.866669,0.125
279.0,250.0,0.04084674,0.2972412,369.333344,0.12109375
280.0,250.0,0.0197191164,0.2975464,370.8,0.125
281.0,250.0,0.0253531486,0.2984619,372.266663,0.12890625
282.0,250.0,0.02394464,0.2984619,373.733337,0.12890625
283.0,250.0,0.0295786746,0.2972412,375.2,0.123046875
284.0,250.0,0.0169021,0.2975464,376.8,0.123046875
285.0,250.0,0.02887442,0.297851563,378.266663,0.12890625
286.0,250.0,0.0338042,0.2984619,379.733337,0.125
287.0,250.0,0.02887442,0.2975464,381.2,0.125
288.0,250.0,0.02394464,0.30090332,382.666656,0.125
289.0,250.0,0.02394464,0.2984619,384.133331,0.12890625
290.0,250.0,0.0274659116,0.2975464,385.733337,0.125
291.0,250.0,0.0218318775,0.315856934,387.2,0.12109375
292.0,250.0,0.0309871826,0.319824219,388.666656,0.12890625
293.0,250.0,0.0281701647,0.319519043,390.133331,0.125
294.0,250.0,0.0281701647,0.318603516,391.6,0.126953125
295.0,250.0,0.0267616566,0.319213867,393.066681,0.125
296.0,250.0,0.0232403874,0.319213867,394.666656,0.12890625
297.0,250.0,0.0267616566,0.335693359,396.133331,0.125
298.0,250.0,0.0380297229,0.319213867,397.6,0.12890625
299.0,250.0,0.02887442,0.3189087,399.066681,0.12890625
300.0,250.0,0.02394464,0.332946777,400.533325,0.126953125
301.0,250.0,0.0246488955,0.3201294,402.0,0.125
302.0,250.0,0.0309871826,0.312194824,403.6,0.123046875
303.0,250.0,0.0281701647,0.319519043,405.066681,0.126953125
304.0,250.0,0.0232403874,0.334472656,406.533325,0.134765625
305.0,250.0,0.0267616566,0.319824219,408.0,0.123046875
306.0,250.0,0.03239569,0.2987671,409.466675,0.125
307.0,250.0,0.0267616566,0.305175781,411.066681,0.125
308.0,250.0,0.0260574035,0.312194824,412.533325,0.12109375
309.0,250.0,0.0366212167,0.297851563,414.0,0.12109375
310.0,250.0,0.0302829277,0.2975464,415.466675,0.123046875
311.0,250.0,0.0295786746,0.312194824,416.933319,0.12890625
312.0,250.0,0.0338042,0.298156738,418.4,0.12890625
313.0,250.0,0.0373254679,0.296936035,420.0,0.12890625
314.0,250.0,0.0316914357,0.2972412,421.466675,0.125
315.0,250.0,0.03450845,0.2984619,422.933319,0.123046875
316.0,250.0,0.04084674,0.2984619,424.4,0.12109375
317.0,250.0,0.0246488955,0.2975464,425.866669,0.123046875
318.0,250.0,0.0253531486,0.298156738,427.333344,0.130859375
319.0,250.0,0.0281701647,0.299072266,428.933319,0.119140625
320.0,250.0,0.0387339778,0.2758789,430.4,0.12109375
321.0,250.0,0.0183106083,0.2972412,431.866669,0.119140625
322.0,250.0,0.0295786746,0.301513672,433.333344,0.125
323.0,250.0,0.0373254679,0.315551758,434.8,0.12890625
324.0,250.0,0.03591696,0.3250122,436.266663,0.125
325.0,250.0,0.0169021,0.334472656,437.866669,0.126953125
326.0,250.0,0.0246488955,0.319519043,439.333344,0.123046875
327.0,250.0,0.0274659116,0.2987671,440.8,0.125
328.0,250.0,0.0260574035,0.3149414,442.266663,0.123046875
329.0,250.0,0.0218318775,0.318603516,443.733337,0.126953125
330.0,250.0,0.0316914357,0.319213867,445.2,0.126953125
331.0,250.0,0.0309871826,0.319824219,446.8,0.126953125
332.0,250.0,0.0267616566,0.3338623,448.266663,0.125
333.0,250.0,0.0295786746,0.330505371,449.733337,0.1328125
334.0,250.0,0.0260574035,0.319519043,451.2,0.12109375
335.0,250.0,0.03591696,0.3189087,452.666656,0.125
336.0,250.0,0.02394464,0.319213867,454.266663,0.125
337.0,250.0,0.0253531486,0.3189087,455.733337,0.123046875
338.0,250.0,0.0380297229,0.312194824,457.2,0.119140625
339.0,250.0,0.03591696,0.298156738,458.666656,0.123046875
340.0,250.0,0.0190148614,0.297851563,460.133331,0.125
341.0,250.0,0.0281701647,0.297851563,461.6,0.12109375
342.0,250.0,0.04225525,0.318603516,463.2,0.126953125
343.0,250.0,0.03239569,0.3189087,464.666656,0.119140625
344.0,250.0,0.0281701647,0.319213867,466.133331,0.123046875
345.0,250.0,0.0380297229,0.301818848,467.6,0.125
346.0,250.0,0.0471850261,0.297851563,469.066681,0.12109375
347.0,250.0,0.0161978453,0.276489258,470.533325,0.126953125
348.0,250.0,0.0338042,0.297851563,472.133331,0.123046875
349.0,250.0,0.0295786746,0.2984619,473.6,0.12109375
350.0,250.0,0.04084674,0.297851563,475.066681,0.125
351.0,250.0,0.0140850823,0.304260254,476.533325,0.126953125
352.0,250.0,0.04084674,0.312805176,478.0,0.123046875
353.0,250.0,0.0429595038,0.2984619,479.6,0.125
354.0,250.0,0.02887442,0.297851563,481.066681,0.119140625
355.0,250.0,0.007042541,0.3189087,482.533325,0.125
356.0,250.0,0.0380297229,0.319519043,484.0,0.1328125
357.0,250.0,0.0267616566,0.297851563,485.466675,0.123046875
358.0,250.0,0.0246488955,0.303955078,486.933319,0.125
359.0,250.0,0.0232403874,0.319213867,488.533325,0.123046875
360.0,250.0,0.0436637551,0.3201294,490.0,0.126953125
361.0,250.0,0.0380297229,0.319213867,491.466675,0.123046875
362.0,250.0,0.00140850828,0.335083,492.933319,0.12109375
363.0,250.0,0.0366212167,0.335388184,494.4,0.126953125
364.0,250.0,0.02394464,0.320739746,495.866669,0.126953125
365.0,250.0,0.0338042,0.2984619,497.466675,0.12890625
366.0,250.0,0.0154935913,0.319213867,498.933319,0.123046875
367.0,250.0,0.03239569,0.318603516,500.4,0.12890625
368.0,250.0,0.04436801,0.319824219,501.866669,0.126953125
369.0,250.0,0.0176063534,0.319824219,503.333344,0.125
370.0,250.0,0.0197191164,0.335083,504.8,0.119140625
371.0,250.0,0.0253531486,0.313110352,506.4,0.125
372.0,250.0,0.0471850261,0.299072266,507.866669,0.125
373.0,250.0,0.0295786746,0.3048706,509.333344,0.12109375
374.0,250.0,0.02042337,0.324401855,510.8,0.123046875
375.0,250.0,0.0387339778,0.319519043,512.266663,0.12890625
376.0,250.0,0.0394382328,0.298156738,513.733337,0.123046875
377.0,250.0,0.0211276244,0.304260254,515.3333,0.126953125
378.0,250.0,0.0211276244,0.319519043,516.8,0.125
379.0,250.0,0.0309871826,0.291442871,518.266663,0.130859375
380.0,250.0,0.0302829277,0.276184082,519.733337,0.125
381.0,250.0,0.02887442,0.296936035,521.2,0.123046875
382.0,250.0,0.04084674,0.2975464,522.8,0.12890625
383.0,250.0,0.0352127068,0.3189087,524.266663,0.12890625
384.0,250.0,0.0253531486,0.3201294,525.733337,0.12109375
385.0,250.0,0.0267616566,0.3125,527.2,0.125
386.0,250.0,0.03239569,0.2987671,528.6667,0.126953125
387.0,250.0,0.0225361325,0.315856934,530.133362,0.1171875
388.0,250.0,0.02394464,0.318603516,531.733337,0.123046875
389.0,250.0,0.0309871826,0.312194824,533.2,0.126953125
390.0,250.0,0.0316914357,0.305786133,534.6667,0.125
391.0,250.0,0.02887442,0.3189087,536.133362,0.1171875
392.0,250.0,0.0260574035,0.3213501,537.6,0.126953125
393.0,250.0,0.0274659116,0.319519043,539.06665,0.126953125
394.0,250.0,0.0302829277,0.319519043,540.6667,0.12890625
395.0,250.0,0.0274659116,0.3289795,542.133362,0.119140625
396.0,250.0,0.0274659116,0.319519043,543.6,0.12109375
397.0,250.0,0.0309871826,0.319519043,545.06665,0.12890625
398.0,250.0,0.0338042,0.319213867,546.5333,0.125
399.0,250.0,0.0253531486,0.3189087,548.0,0.125
400.0,250.0,0.0309871826,0.319213867,549.6,0.125
401.0,250.0,0.0260574035,0.319213867,551.06665,0.12890625
402.0,250.0,0.0366212167,0.318603516,552.5333,0.125
403.0,250.0,0.0352127068,0.319213867,554.0,0.123046875
404.0,250.0,0.0281701647,0.3189087,555.4667,0.125
405.0,250.0,0.0267616566,0.319824219,556.93335,0.130859375
406.0,250.0,0.0295786746,0.2984619,558.5333,0.123046875
407.0,250.0,0.0295786746,0.2975464,560.0,0.126953125
408.0,250.0,0.0281701647,0.2984619,561.4667,0.12890625
409.0,250.0,0.0352127068,0.2987671,562.93335,0.119140625
410.0,250.0,0.03591696,0.297851563,564.4,0.12890625
411.0,250.0,0.0260574035,0.280456543,566.0,0.125
412.0,250.0,0.0232403874,0.296325684,567.4667,0.12890625
413.0,250.0,0.0338042,0.298156738,568.93335,0.123046875
414.0,250.0,0.0267616566,0.2975464,570.4,0.1171875
415.0,250.0,0.0225361325,0.2975464,571.866638,0.125
416.0,250.0,0.0316914357,0.297851563,573.3333,0.9394531
417.0,250.0,0.0394382328,0.291442871,574.93335,2.35546875
418.0,250.0,0.0338042,0.276184082,576.4,2.765625
419.0,250.0,0.02394464,0.3036499,577.866638,3.09960938
420.0,250.0,0.0302829277,0.319519043,579.3333,3.43164063
421.0,250.0,0.0352127068,0.3189087,580.8,3.76953125
422.0,250.0,0.0274659116,0.2984619,582.266663,4.01171875
423.0,250.0,0.0267616566,0.31829834,583.866638,4.189453
424.0,250.0,0.0338042,0.312805176,585.3333,4.49609375
425.0,250.0,0.0338042,0.2984619,586.8,4.82226563
426.0,250.0,0.0295786746,0.324401855,588.266663,5.154297
427.0,250.0,0.0274659116,0.335998535,589.733337,5.46875
428.0,250.0,0.0309871826,0.32043457,591.2,5.78125
429.0,250.0,0.02887442,0.319519043,592.8,6.078125
430.0,250.0,0.0253531486,0.3189087,594.266663,6.373047
431.0,250.0,0.0302829277,0.319213867,595.733337,6.6796875
432.0,250.0,0.03450845,0.319519043,597.2,6.99609375
433.0,250.0,0.03450845,0.319519043,598.6667,7.33203125
434.0,250.0,0.0232403874,0.334472656,600.133362,7.6640625
435.0,250.0,0.03450845,0.319824219,601.733337,7.92578125
436.0,250.0,0.0316914357,0.2984619,603.2,8.125
437.0,250.0,0.0338042,0.311584473,604.6667,8.4140625
438.0,250.0,0.0197191164,0.297851563,606.133362,8.738281
439.0,250.0,0.0295786746,0.2987671,607.6,9.050781
440.0,250.0,0.0330999456,0.296936035,609.2,9.373047
441.0,250.0,0.0338042,0.298156738,610.6667,9.681641
442.0,250.0,0.0260574035,0.3125,612.133362,9.972656
443.0,250.0,0.0281701647,0.2972412,613.6,10.25
444.0,250.0,0.0295786746,0.2975464,615.06665,10.5429688
445.0,250.0,0.0211276244,0.3149414,616.5333,10.84375
446.0,250.0,0.0267616566,0.299072266,618.133362,11.15625
447.0,250.0,0.0316914357,0.2984619,619.6,11.4648438
448.0,250.0,0.02887442,0.317993164,621.06665,11.7792969
449.0,250.0,0.0183106083,0.2984619,622.5333,12.0449219
450.0,250.0,0.0295786746,0.298156738,624.0,12.2304688
451.0,250.0,0.0316914357,0.3048706,625.4667,12.5253906
452.0,250.0,0.02394464,0.319213867,627.06665,12.8222656
453.0,250.0,0.02394464,0.319519043,628.5333,13.1210938
454.0,250.0,0.0373254679,0.319824219,630.0,13.4375
455.0,250.0,0.0338042,0.319213867,631.4667,13.7324219
456.0,250.0,0.0218318775,0.319824219,632.93335,14.0097656
457.0,250.0,0.0267616566,0.3048706,634.4,14.2871094
458.0,250.0,0.03239569,0.319213867,636.0,14.5546875
459.0,250.0,0.0211276244,0.330810547,637.4667,14.8417969
460.0,250.0,0.0281701647,0.319213867,638.93335,15.1445313
461.0,250.0,0.0415509939,0.319213867,640.4,15.4472656
462.0,250.0,0.0330999456,0.319213867,641.866638,15.7539063
463.0,250.0,0.02042337,0.319519043,643.3333,16.0214844
464.0,250.0,0.0302829277,0.318603516,644.93335,16.25
465.0,250.0,0.0380297229,0.3189087,646.4,16.5332031
466.0,250.0,0.0211276244,0.3201294,647.866638,16.8222656
467.0,250.0,0.02394464,0.319824219,649.3333,17.1210938
468.0,250.0,0.0302829277,0.297851563,650.8,17.4140625
469.0,250.0,0.0302829277,0.296936035,652.4,17.6992188
470.0,250.0,0.0169021,0.2984619,653.866638,17.96875
471.0,250.0,0.0260574035,0.317993164,655.3333,18.2519531
472.0,250.0,0.0373254679,0.319519043,656.8,18.53125
473.0,250.0,0.0281701647,0.30090332,658.266663,18.8164063
474.0,250.0,0.02394464,0.3189087,659.733337,19.1113281
475.0,250.0,0.0253531486,0.302124023,661.3333,19.421875
476.0,250.0,0.03591696,0.297851563,662.8,19.72461
477.0,250.0,0.0267616566,0.2984619,664.266663,20.015625
478.0,250.0,0.03239569,0.2972412,665.733337,20.24414
479.0,250.0,0.0211276244,0.318603516,667.2,20.5292969
480.0,250.0,0.02887442,0.301818848,668.6667,20.828125
481.0,250.0,0.02887442,0.297851563,670.266663,21.1230469
482.0,250.0,0.0211276244,0.2975464,671.733337,21.4082031
483.0,250.0,0.0232403874,0.3149414,673.2,21.7070313
484.0,250.0,0.0338042,0.318603516,674.6667,21.9921875
485.0,250.0,0.0338042,0.3164673,676.133362,22.2597656
486.0,250.0,0.0140850823,0.3189087,677.733337,22.5390625
487.0,250.0,0.0267616566,0.31829834,679.2,22.8144531
488.0,250.0,0.03239569,0.302124023,680.6667,23.1171875
489.0,250.0,0.0225361325,0.298156738,682.133362,23.4199219
490.0,250.0,0.0176063534,0.3189087,683.6,23.7207031
491.0,250.0,0.0295786746,0.318603516,685.06665,24.0117188
492.0,250.0,0.0302829277,0.319519043,686.6667,24.3007813
493.0,250.0,0.0253531486,0.31829834,688.133362,24.578125
494.0,250.0,0.02394464,0.3338623,689.6,24.8554688
495.0,250.0,0.02887442,0.314025879,691.06665,25.1640625
496.0,250.0,0.0302829277,0.2975464,692.5333,25.453125
497.0,250.0,0.0211276244,0.317993164,694.0,25.7265625
498.0,250.0,0.0253531486,0.319213867,695.6,26.0
499.0,250.0,0.03239569,0.2987671,697.06665,26.265625
500.0,250.0,0.0295786746,0.3048706,698.5333,26.53711
501.0,250.0,0.0183106083,0.319213867,700.0,26.8203125
502.0,250.0,0.0309871826,0.298156738,701.4667,27.1132813
503.0,250.0,0.0338042,0.2975464,702.93335,27.3925781
504.0,250.0,0.02887442,0.315551758,704.5333,27.6894531
505.0,250.0,0.02394464,0.3125,706.0,27.9863281
506.0,250.0,0.0330999456,0.298156738,707.4667,28.265625
507.0,250.0,0.03239569,0.296936035,708.93335,28.5410156
508.0,250.0,0.02394464,0.2984619,710.4,28.8261719
509.0,250.0,0.0232403874,0.297851563,712.0,29.09961
510.0,250.0,0.0274659116,0.2975464,713.4667,29.3789063
511.0,250.0,0.0260574035,0.2984619,714.93335,29.6601563
512.0,250.0,0.0197191164,0.3189087,716.4,29.9335938
513.0,250.0,0.0302829277,0.3012085,717.866638,30.203125
514.0,250.0,0.0316914357,0.303039551,719.3333,30.4648438
515.0,250.0,0.0267616566,0.318603516,720.93335,30.7265625
516.0,250.0,0.0133808283,0.3189087,722.4,31.00586
517.0,250.0,0.0232403874,0.3189087,723.866638,31.28711
518.0,250.0,0.0169021,0.3189087,725.3333,31.5664063
519.0,250.0,0.0169021,0.3189087,726.8,31.8632813
520.0,250.0,0.0197191164,0.299682617,728.266663,32.20117
521.0,250.0,0.03591696,0.3189087,729.866638,32.4648438
522.0,250.0,0.0281701647,0.3237915,731.3333,32.75
523.0,250.0,0.0154935913,0.335998535,732.8,33.0273438
524.0,250.0,0.0232403874,0.3363037,734.266663,33.3125
525.0,250.0,0.03591696,0.319213867,735.733337,33.5898438
526.0,250.0,0.0246488955,0.319519043,737.2,33.8417969
527.0,250.0,0.007042541,0.31829834,738.8,34.10547
528.0,250.0,0.0281701647,0.319824219,740.266663,34.3769531
529.0,250.0,0.0281701647,0.319519043,741.733337,34.65039
530.0,250.0,0.0260574035,0.318603516,743.2,34.9355469
531.0,250.0,0.0225361325,0.31829834,744.6667,35.2148438
532.0,250.0,0.0281701647,0.31829834,746.133362,35.515625
533.0,250.0,0.0281701647,0.319824219,747.733337,35.796875
534.0,250.0,0.0225361325,0.301513672,749.2,36.1875
535.0,250.0,0.0281701647,0.2972412,750.6667,36.4707031
536.0,250.0,0.03239569,0.304260254,752.133362,36.75
537.0,250.0,0.0267616566,0.2987671,753.6,37.0527344
538.0,250.0,0.0295786746,0.2984619,755.2,37.32617
539.0,250.0,0.0295786746,0.297851563,756.6667,37.60742
540.0,250.0,0.0330999456,0.297851563,758.133362,37.8828125
541.0,250.0,0.0302829277,0.2987671,759.6,38.14453
542.0,250.0,0.0281701647,0.315551758,761.06665,38.4101563
543.0,250.0,0.02887442,0.319519043,762.5333,38.6875
544.0,250.0,0.0246488955,0.319824219,764.133362,38.984375
545.0,250.0,0.0267616566,0.319519043,765.6,39.25586
546.0,250.0,0.0260574035,0.319519043,767.06665,39.54883
547.0,250.0,0.0274659116,0.3189087,768.5333,39.83789
548.0,250.0,0.0161978453,0.318603516,770.0,40.2089844
549.0,250.0,0.02394464,0.3189087,771.4667,40.48828
550.0,250.0,0.0232403874,0.335388184,773.06665,40.76758
551.0,250.0,0.0218318775,0.3189087,774.5333,41.0527344
552.0,250.0,0.0281701647,0.33416748,776.0,41.328125
553.0,250.0,0.02394464,0.3189087,777.4667,41.6035156
554.0,250.0,0.0232403874,0.31829834,778.93335,41.88086
555.0,250.0,0.0211276244,0.335083,780.4,42.1464844
556.0,250.0,0.0225361325,0.319519043,782.0,42.40625
557.0,250.0,0.0246488955,0.319213867,783.4667,42.67383
558.0,250.0,0.0373254679,0.319213867,784.93335,42.953125
559.0,250.0,0.0225361325,0.3201294,786.4,43.234375
560.0,250.0,0.0302829277,0.318603516,787.866638,43.5273438
561.0,250.0,0.0309871826,0.319519043,789.3333,43.8164063
562.0,250.0,0.0246488955,0.318603516,790.93335,44.16992
563.0,250.0,0.0197191164,0.33203125,792.4,44.44922
564.0,250.0,0.0316914357,0.319824219,793.866638,44.734375
565.0,250.0,0.0302829277,0.319519043,795.3333,45.02539
566.0,250.0,0.03450845,0.297851563,796.8,45.3125
567.0,250.0,0.0232403874,0.318603516,798.266663,45.58789
568.0,250.0,0.03450845,0.3189087,799.866638,45.859375
569.0,250.0,0.0394382328,0.299072266,801.3333,46.1210938
570.0,250.0,0.0211276244,0.30456543,802.8,46.390625
571.0,250.0,0.0225361325,0.319519043,804.266663,46.66797
572.0,250.0,0.0309871826,0.2984619,805.733337,46.9335938
573.0,250.0,0.0295786746,0.283203125,807.3333,47.23047
574.0,250.0,0.0147893373,0.315246582,808.8,47.53125
575.0,250.0,0.03239569,0.301513672,810.266663,47.8027344
576.0,250.0,0.0394382328,0.2975464,811.733337,48.1289063
577.0,250.0,0.0253531486,0.303955078,813.2,48.4042969
578.0,250.0,0.00845105,0.319213867,814.6667,48.69922
579.0,250.0,0.03239569,0.299072266,816.266663,48.9785156
580.0,250.0,0.0302829277,0.29296875,817.733337,49.26953
581.0,250.0,0.0169021,0.322875977,819.2,49.5546875
582.0,250.0,0.0190148614,0.334777832,820.6667,49.82422
583.0,250.0,0.0394382328,0.319213867,822.133362,50.10742
584.0,250.0,0.0316914357,0.319213867,823.6,50.3710938
585.0,250.0,0.00774679566,0.334472656,825.2,50.64453
586.0,250.0,0.0302829277,0.319519043,826.6667,50.92383
587.0,250.0,0.0260574035,0.31829834,828.133362,51.2109375
588.0,250.0,0.0253531486,0.323181152,829.6,51.5019531
589.0,250.0,0.00845105,0.334777832,831.06665,51.8027344
590.0,250.0,0.02394464,0.321960449,832.5333,52.109375
591.0,250.0,0.0380297229,0.3189087,834.133362,52.3730469
592.0,250.0,0.0302829277,0.332946777,835.6,52.6796875
593.0,250.0,0.0267616566,0.322875977,837.06665,52.97461
594.0,250.0,0.0253531486,0.319519043,838.5333,53.265625
595.0,250.0,0.0338042,0.318603516,840.0,53.55078
596.0,250.0,0.0260574035,0.319213867,841.4667,53.82422
597.0,250.0,0.0232403874,0.319824219,843.06665,54.0859375
598.0,250.0,0.02394464,0.2987671,844.5333,54.34961
599.0,250.0,0.0338042,0.298156738,846.0,54.6269531
600.0,250.0,0.0281701647,0.2987671,847.4667,54.90625
601.0,250.0,0.0246488955,0.297851563,848.93335,55.20703
602.0,250.0,0.0366212167,0.30456543,850.5333,55.5039063
603.0,250.0,0.0316914357,0.301513672,852.0,55.80078
604.0,250.0,0.0211276244,0.29083252,853.4667,56.0605469
605.0,250.0,0.02887442,0.293884277,854.93335,56.26367
606.0,250.0,0.0380297229,0.297851563,856.4,56.546875
607.0,250.0,0.0281701647,0.2987671,857.866638,56.8457031
608.0,250.0,0.0309871826,0.2975464,859.4667,57.1289063
609.0,250.0,0.03450845,0.296936035,860.93335,57.41797
610.0,250.0,0.03591696,0.297851563,862.4,57.6914063
611.0,250.0,0.0183106083,0.2972412,863.866638,57.9648438
612.0,250.0,0.0281701647,0.315246582,865.3333,58.2226563
613.0,250.0,0.04084674,0.319213867,866.8,58.5
614.0,250.0,0.0330999456,0.318603516,868.4,58.76367
615.0,250.0,0.00774679566,0.319519043,869.866638,59.0585938
616.0,250.0,0.02887442,0.319213867,871.3333,59.3535156
617.0,250.0,0.0330999456,0.3024292,872.8,59.6328125
618.0,250.0,0.0274659116,0.298156738,874.266663,59.93164
619.0,250.0,0.0246488955,0.31829834,875.733337,60.10547
620.0,250.0,0.0316914357,0.323486328,877.3333,60.36914
621.0,250.0,0.03450845,0.3289795,878.8,60.66797
622.0,250.0,0.0267616566,0.319824219,880.266663,60.96289
623.0,250.0,0.0274659116,0.335693359,881.733337,61.26172
624.0,250.0,0.0225361325,0.32043457,883.2,61.5410156
625.0,250.0,0.03450845,0.313415527,884.8,61.8203125
626.0,250.0,0.0295786746,0.297851563,886.266663,62.08789
627.0,250.0,0.0281701647,0.317993164,887.733337,62.3710938
628.0,250.0,0.0274659116,0.319824219,889.2,62.6484375
629.0,250.0,0.0330999456,0.299072266,890.6667,62.953125
630.0,250.0,0.03239569,0.2975464,892.133362,63.2402344
631.0,250.0,0.0253531486,0.315551758,893.733337,63.546875
632.0,250.0,0.0281701647,0.312805176,895.2,63.8730469
633.0,250.0,0.03239569,0.297851563,896.6667,63.9980469
634.0,250.0,0.0267616566,0.311889648,898.133362,63.9980469
635.0,250.0,0.0260574035,0.2975464,899.6,63.9980469
636.0,250.0,0.0366212167,0.280151367,901.2,63.9980469
637.0,250.0,0.0281701647,0.2758789,902.6667,63.9980469
638.0,250.0,0.0281701647,0.296325684,904.133362,63.9980469
639.0,250.0,0.0295786746,0.2923584,905.6,63.9980469
640.0,250.0,0.0309871826,0.276489258,907.06665,63.9980469
641.0,250.0,0.0302829277,0.297851563,908.5333,63.9980469
642.0,250.0,0.0309871826,0.298156738,910.133362,63.9980469
643.0,250.0,0.0309871826,0.297851563,911.6,63.9980469
644.0,250.0,0.02887442,0.298156738,913.06665,63.9980469
645.0,250.0,0.0338042,0.2975464,914.5333,63.9980469
646.0,250.0,0.02887442,0.2972412,916.0,63.9980469
647.0,250.0,0.0281701647,0.2972412,917.4667,63.9980469
648.0,250.0,0.0260574035,0.31829834,919.06665,63.9980469
649.0,250.0,0.0309871826,0.313415527,920.5333,63.9980469
650.0,250.0,0.03239569,0.297851563,922.0,63.9980469
651.0,250.0,0.0338042,0.303955078,923.4667,63.9980469
652.0,250.0,0.0211276244,0.318603516,924.93335,63.9980469
653.0,250.0,0.0225361325,0.3189087,926.4,63.9980469
654.0,250.0,0.0260574035,0.3189087,928.0,63.9980469
655.0,250.0,0.0316914357,0.3012085,929.4667,63.9980469
656.0,250.0,0.02394464,0.300598145,930.93335,63.9980469
657.0,250.0,0.0295786746,0.296936035,932.4,63.9980469
658.0,250.0,0.0316914357,0.31463623,933.866638,63.9980469
659.0,250.0,0.0309871826,0.321655273,935.3333,63.9980469
660.0,250.0,0.0330999456,0.314025879,936.93335,63.9980469
661.0,250.0,0.0267616566,0.296936035,938.4,63.9980469
662.0,250.0,0.03239569,0.317993164,939.866638,63.9980469
663.0,250.0,0.0281701647,0.311584473,941.3333,63.9980469
664.0,250.0,0.0338042,0.296936035,942.8,63.9980469
665.0,250.0,0.0232403874,0.319519043,944.266663,63.9980469
666.0,250.0,0.03239569,0.3012085,945.866638,63.9980469
667.0,250.0,0.0295786746,0.2975464,947.3333,63.9980469
668.0,250.0,0.0274659116,0.2975464,948.8,63.9980469
669.0,250.0,0.0295786746,0.2972412,950.266663,63.9980469
670.0,250.0,0.0338042,0.298156738,951.733337,63.9980469
671.0,250.0,0.0316914357,0.2975464,953.3333,63.9980469
672.0,250.0,0.0309871826,0.297851563,954.8,63.9980469
673.0,250.0,0.0260574035,0.298156738,956.266663,63.9980469
674.0,250.0,0.0295786746,0.297851563,957.733337,63.9980469
675.0,250.0,0.03239569,0.286254883,959.2,63.9980469
676.0,250.0,0.0338042,0.2975464,960.6667,63.9980469
677.0,250.0,0.0218318775,0.2972412,962.266663,63.9980469
678.0,250.0,0.0295786746,0.296936035,963.733337,63.9980469
679.0,250.0,0.0281701647,0.297851563,965.2,63.9980469
680.0,250.0,0.0246488955,0.297851563,966.6667,63.9980469
681.0,250.0,0.0281701647,0.2975464,968.133362,63.9980469
682.0,250.0,0.0316914357,0.298156738,969.6,63.9980469
683.0,250.0,0.0281701647,0.315246582,971.2,63.9980469
684.0,250.0,0.0246488955,0.3189087,972.6667,63.9980469
685.0,250.0,0.0302829277,0.319213867,974.133362,63.9980469
686.0,250.0,0.03239569,0.297851563,975.6,63.9980469
687.0,250.0,0.0295786746,0.319519043,977.06665,63.9980469
688.0,250.0,0.0225361325,0.3012085,978.5333,63.9980469
689.0,250.0,0.0225361325,0.2984619,980.133362,63.9980469
690.0,250.0,0.0302829277,0.317993164,981.6,63.9980469
691.0,250.0,0.0281701647,0.318603516,983.06665,63.9980469
692.0,250.0,0.0387339778,0.319824219,984.5333,63.9980469
693.0,250.0,0.0316914357,0.319519043,986.0,63.9980469
694.0,250.0,0.0218318775,0.319213867,987.6,63.9980469
695.0,250.0,0.0274659116,0.301513672,989.06665,63.9980469
696.0,250.0,0.0302829277,0.296936035,990.5333,63.9980469
697.0,250.0,0.0316914357,0.298156738,992.0,63.9980469
698.0,250.0,0.02394464,0.30090332,993.4667,63.9980469
699.0,250.0,0.0302829277,0.2975464,994.93335,63.9980469
700.0,250.0,0.0274659116,0.2770996,996.5333,63.9980469
701.0,250.0,0.03239569,0.2758789,998.0,63.9980469
702.0,250.0,0.0246488955,0.2835083,999.4667,63.9980469
703.0,250.0,0.0281701647,0.2972412,1000.93335,63.9980469
704.0,250.0,0.0267616566,0.2984619,1002.4,63.9980469
705.0,250.0,0.0274659116,0.297851563,1003.86664,63.9980469
706.0,250.0,0.02887442,0.2972412,1005.46667,63.9980469
707.0,250.0,0.0302829277,0.29510498,1006.93335,63.9980469
708.0,250.0,0.0267616566,0.2987671,1008.4,63.9980469
709.0,250.0,0.0154935913,0.298156738,1009.86664,63.9980469
710.0,250.0,0.0232403874,0.297851563,1011.33331,63.9980469
711.0,250.0,0.0267616566,0.2975464,1012.93335,63.9980469
712.0,250.0,0.0253531486,0.317688,1014.4,63.9980469
713.0,250.0,0.0253531486,0.319213867,1015.86664,63.9980469
714.0,250.0,0.0302829277,0.3189087,1017.33331,63.9980469
715.0,250.0,0.0302829277,0.3189087,1018.8,63.9980469
716.0,250.0,0.0211276244,0.319519043,1020.26666,63.9980469
717.0,250.0,0.0211276244,0.319213867,1021.86664,63.9980469
718.0,250.0,0.0281701647,0.319213867,1023.33331,63.9980469
719.0,250.0,0.0302829277,0.3189087,1024.8,63.9980469
720.0,250.0,0.0232403874,0.2987671,1026.26672,63.9980469
721.0,250.0,0.0295786746,0.303344727,1027.73328,63.9980469
722.0,250.0,0.0338042,0.3189087,1029.2,63.9980469
723.0,250.0,0.0274659116,0.319213867,1030.8,63.9980469
724.0,250.0,0.02394464,0.319519043,1032.26672,63.9980469
725.0,250.0,0.0316914357,0.299377441,1033.73328,63.9980469
726.0,250.0,0.02887442,0.297851563,1035.2,63.9980469
727.0,250.0,0.0260574035,0.298156738,1036.66663,63.9980469
728.0,250.0,0.0253531486,0.297851563,1038.1333,63.9980469
729.0,250.0,0.0394382328,0.298156738,1039.73328,63.9980469
730.0,250.0,0.0225361325,0.2984619,1041.2,63.9980469
731.0,250.0,0.0295786746,0.2975464,1042.66663,63.9980469
732.0,250.0,0.0274659116,0.296936035,1044.1333,63.9980469
733.0,250.0,0.0330999456,0.296630859,1045.6,63.9980469
734.0,250.0,0.0246488955,0.297851563,1047.06665,63.9980469
735.0,250.0,0.0225361325,0.2975464,1048.66663,63.9980469
736.0,250.0,0.02042337,0.303955078,1050.1333,63.9980469
737.0,250.0,0.0309871826,0.298156738,1051.6,63.9980469
738.0,250.0,0.0225361325,0.297851563,1053.06665,63.9980469
739.0,250.0,0.0197191164,0.2975464,1054.53333,63.9980469
740.0,250.0,0.0274659116,0.303955078,1056.1333,63.9980469
741.0,250.0,0.0309871826,0.2984619,1057.6,63.9980469
742.0,250.0,0.0225361325,0.317993164,1059.06665,63.9980469
743.0,250.0,0.0176063534,0.33416748,1060.53333,63.9980469
744.0,250.0,0.0260574035,0.318603516,1062.0,63.9980469
745.0,250.0,0.0211276244,0.3137207,1063.46667,63.9980469
746.0,250.0,0.0169021,0.3161621,1065.06665,63.9980469
747.0,250.0,0.0232403874,0.313415527,1066.53333,63.9980469
748.0,250.0,0.03239569,0.317993164,1068.0,63.9980469
749.0,250.0,0.03239569,0.319824219,1069.46667,63.9980469
750.0,250.0,0.0176063534,0.33416748,1070.93335,63.9980469
751.0,250.0,0.0267616566,0.335083,1072.4,63.9980469
752.0,250.0,0.0295786746,0.319519043,1074.0,63.9980469
753.0,250.0,0.02887442,0.319519043,1075.46667,63.9980469
754.0,250.0,0.02394464,0.318603516,1076.93335,63.9980469
755.0,250.0,0.0295786746,0.3189087,1078.4,63.9980469
756.0,250.0,0.02394464,0.315246582,1079.8667,63.9980469
757.0,250.0,0.02394464,0.319824219,1081.33337,63.9980469
758.0,250.0,0.0295786746,0.3201294,1082.93335,63.9980469
759.0,250.0,0.0338042,0.298156738,1084.4,63.9980469
760.0,250.0,0.0218318775,0.2972412,1085.8667,63.9980469
761.0,250.0,0.0232403874,0.31829834,1087.33337,63.9980469
762.0,250.0,0.0366212167,0.3024292,1088.8,63.9980469
763.0,250.0,0.02887442,0.28503418,1090.26672,63.9980469
764.0,250.0,0.02042337,0.303039551,1091.8667,63.9980469
765.0,250.0,0.0232403874,0.2975464,1093.33337,63.9980469
766.0,250.0,0.0281701647,0.276489258,1094.8,63.9980469
767.0,250.0,0.0218318775,0.2935791,1096.26672,63.9980469
768.0,250.0,0.02394464,0.315856934,1097.73328,63.9980469
769.0,250.0,0.03239569,0.299072266,1099.33337,63.9980469
770.0,250.0,0.0295786746,0.297851563,1100.8,63.9980469
771.0,250.0,0.0169021,0.314331055,1102.26672,63.9980469
772.0,250.0,0.0232403874,0.312805176,1103.73328,63.9980469
773.0,250.0,0.02887442,0.2984619,1105.2,63.9980469
774.0,250.0,0.0232403874,0.31829834,1106.66663,63.9980469
775.0,250.0,0.0295786746,0.3189087,1108.26672,63.9980469
776.0,250.0,0.0211276244,0.319519043,1109.73328,63.9980469
777.0,250.0,0.02394464,0.317993164,1111.2,63.9980469
778.0,250.0,0.0267616566,0.319824219,1112.66663,63.9980469
779.0,250.0,0.0281701647,0.301818848,1114.1333,63.9980469
780.0,250.0,0.0190148614,0.317993164,1115.6,63.9980469
781.0,250.0,0.0295786746,0.31829834,1117.2,63.9980469
782.0,250.0,0.0316914357,0.322875977,1118.66663,63.9980469
783.0,250.0,0.0190148614,0.3189087,1120.1333,63.9980469
784.0,250.0,0.02394464,0.319213867,1121.6,63.9980469
785.0,250.0,0.0302829277,0.32043457,1123.06665,63.9980469
786.0,250.0,0.0274659116,0.30456543,1124.53333,63.9980469
787.0,250.0,0.0225361325,0.318603516,1126.1333,63.9980469
788.0,250.0,0.0225361325,0.31829834,1127.6,63.9980469
789.0,250.0,0.0302829277,0.301513672,1129.06665,63.9980469
790.0,250.0,0.0302829277,0.296936035,1130.53333,63.9980469
791.0,250.0,0.0253531486,0.297851563,1132.0,63.9980469
792.0,250.0,0.0309871826,0.309143066,1133.46667,63.9980469
793.0,250.0,0.0338042,0.2975464,1135.06665,63.9980469
794.0,250.0,0.0281701647,0.297851563,1136.53333,63.9980469
795.0,250.0,0.0302829277,0.297851563,1138.0,63.9980469
796.0,250.0,0.03239569,0.2975464,1139.46667,63.9980469
797.0,250.0,0.0274659116,0.280761719,1140.93335,63.9980469
798.0,250.0,0.0330999456,0.2746582,1142.53333,63.9980469
799.0,250.0,0.0366212167,0.29296875,1144.0,63.9980469
800.0,250.0,0.0309871826,0.2984619,1145.46667,63.9980469
801.0,250.0,0.0218318775,0.297851563,1146.93335,63.9980469
802.0,250.0,0.0267616566,0.298156738,1148.4,63.9980469
803.0,250.0,0.03239569,0.2975464,1149.8667,63.9980469
804.0,250.0,0.0218318775,0.297851563,1151.46667,63.9980469
805.0,250.0,0.0253531486,0.2984619,1152.93335,63.9980469
806.0,250.0,0.0338042,0.298156738,1154.4,63.9980469
807.0,250.0,0.03591696,0.317993164,1155.8667,63.9980469
808.0,250.0,0.0176063534,0.31829834,1157.33337,63.9980469
809.0,250.0,0.0211276244,0.31829834,1158.8,63.9980469
810.0,250.0,0.0302829277,0.319519043,1160.4,63.9980469
811.0,250.0,0.0281701647,0.315856934,1161.8667,63.9980469
812.0,250.0,0.0302829277,0.319519043,1163.33337,63.9980469
813.0,250.0,0.02887442,0.335388184,1164.8,63.9980469
814.0,250.0,0.0267616566,0.321960449,1166.26672,63.9980469
815.0,250.0,0.0246488955,0.3137207,1167.73328,63.9980469
816.0,250.0,0.0267616566,0.3173828,1169.33337,63.9980469
817.0,250.0,0.0253531486,0.3189087,1170.8,63.9980469
818.0,250.0,0.0338042,0.319824219,1172.26672,63.9980469
819.0,250.0,0.0260574035,0.318603516,1173.73328,63.9980469
820.0,250.0,0.0218318775,0.3189087,1175.2,63.9980469
821.0,250.0,0.0295786746,0.318603516,1176.66663,63.9980469
822.0,250.0,0.0401424877,0.2972412,1178.26672,63.9980469
823.0,250.0,0.0253531486,0.303039551,1179.73328,63.9980469
824.0,250.0,0.0260574035,0.3189087,1181.2,63.9980469
825.0,250.0,0.0366212167,0.2972412,1182.66663,63.9980469
826.0,250.0,0.03591696,0.2975464,1184.1333,63.9980469
827.0,250.0,0.0267616566,0.3161621,1185.73328,63.9980469
828.0,250.0,0.03450845,0.302124023,1187.2,63.9980469
829.0,250.0,0.048593536,0.293273926,1188.66663,63.9980469
830.0,250.0,0.0218318775,0.274963379,1190.1333,63.9980469
831.0,250.0,0.0105638122,0.296325684,1191.6,63.9980469
832.0,250.0,0.0415509939,0.2923584,1193.06665,63.9980469
833.0,250.0,0.0436637551,0.281677246,1194.66663,63.9980469
834.0,250.0,0.0225361325,0.315551758,1196.1333,63.9980469
835.0,250.0,0.02887442,0.318603516,1197.6,63.9980469
836.0,250.0,0.0380297229,0.291748047,1199.06665,63.9980469
837.0,250.0,0.03239569,0.281677246,1200.53333,63.9980469
838.0,250.0,0.007042541,0.31829834,1202.0,63.9980469
839.0,250.0,0.0366212167,0.313415527,1203.6,63.9980469
840.0,250.0,0.0267616566,0.298156738,1205.06665,63.9980469
841.0,250.0,0.0274659116,0.302734375,1206.53333,63.9980469
842.0,250.0,0.0112680662,0.33203125,1208.0,63.9980469
843.0,250.0,0.0394382328,0.314331055,1209.46667,63.9980469
844.0,250.0,0.04084674,0.3036499,1210.93335,63.9980469
845.0,250.0,0.0169021,0.334472656,1212.53333,63.9980469
846.0,250.0,0.0154935913,0.321655273,1214.0,63.9980469
847.0,250.0,0.03239569,0.299072266,1215.46667,63.9980469
848.0,250.0,0.0246488955,0.3173828,1216.93335,63.9980469
849.0,250.0,0.0147893373,0.319519043,1218.4,63.9980469
850.0,250.0,0.0401424877,0.314331055,1219.8667,63.9980469
851.0,250.0,0.0394382328,0.31829834,1221.46667,63.9980469
852.0,250.0,0.0295786746,0.332336426,1222.93335,63.9980469
853.0,250.0,0.0112680662,0.335083,1224.4,63.9980469
854.0,250.0,0.0267616566,0.3149414,1225.8667,63.9980469
855.0,250.0,0.0246488955,0.297851563,1227.33337,63.9980469
856.0,250.0,0.0274659116,0.2975464,1228.93335,63.9980469
857.0,250.0,0.0253531486,0.2975464,1230.4,63.9980469
858.0,250.0,0.03450845,0.2972412,1231.8667,63.9980469
859.0,250.0,0.0394382328,0.302734375,1233.33337,63.9980469
860.0,250.0,0.0281701647,0.319213867,1234.8,63.9980469
861.0,250.0,0.0281701647,0.302124023,1236.26672,63.9980469
862.0,250.0,0.0274659116,0.292053223,1237.8667,63.9980469
863.0,250.0,0.0281701647,0.296325684,1239.33337,63.9980469
864.0,250.0,0.0338042,0.298156738,1240.8,63.9980469
865.0,250.0,0.0429595038,0.297851563,1242.26672,63.9980469
866.0,250.0,0.04788928,0.303344727,1243.73328,63.9980469
867.0,250.0,0.0605658554,0.31829834,1245.2,63.9980469
868.0,250.0,0.0549318232,0.318603516,1246.8,63.9980469
869.0,250.0,0.06549563,0.319519043,1248.26672,63.9980469
870.0,250.0,0.02887442,0.335388184,1249.73328,63.9980469
871.0,250.0,0.03450845,0.33203125,1251.2,63.9980469
872.0,250.0,0.0225361325,0.314025879,1252.66663,63.9980469
873.0,250.0,0.04084674,0.318603516,1254.1333,63.9980469
874.0,250.0,0.0746509358,0.318603516,1255.73328,63.9980469
875.0,250.0,0.0535233133,0.332946777,1257.2,63.9980469
876.0,250.0,0.04929779,0.352478027,1258.66663,63.9980469
877.0,250.0,0.0584530942,0.356140137,1260.1333,63.9980469
878.0,250.0,0.04225525,0.335693359,1261.6,63.9980469
879.0,250.0,0.04225525,0.335693359,1263.06665,63.9980469
880.0,250.0,0.0521148071,0.33416748,1264.66663,63.9980469
881.0,250.0,0.0556360781,0.334777832,1266.1333,63.9980469
882.0,250.0,0.0549318232,0.334777832,1267.6,63.9980469
883.0,250.0,0.06408713,0.335083,1269.06665,63.9980469
884.0,250.0,0.0500020422,0.340881348,1270.53333,63.9980469
885.0,250.0,0.04225525,0.335388184,1272.0,63.9980469
886.0,250.0,0.0352127068,0.3201294,1273.6,63.9980469
887.0,250.0,0.0330999456,0.3189087,1275.06665,63.9980469
888.0,250.0,0.0309871826,0.2987671,1276.53333,63.9980469
889.0,250.0,0.0464807749,0.298156738,1278.0,63.9980469
890.0,250.0,0.0584530942,0.298156738,1279.46667,63.9980469
891.0,250.0,0.05915735,0.318603516,1280.93335,63.9980469
892.0,250.0,0.06479138,0.321960449,1282.53333,63.9980469
893.0,250.0,0.0619743653,0.319213867,1284.0,63.9980469
894.0,250.0,0.0514105521,0.319519043,1285.46667,63.9980469
895.0,250.0,0.045072265,0.319824219,1286.93335,63.9980469
896.0,250.0,0.06338287,0.319824219,1288.4,63.9980469
897.0,250.0,0.0584530942,0.3189087,1290.0,63.9980469
898.0,250.0,0.05422757,0.331726074,1291.46667,63.9980469
899.0,250.0,0.0507062972,0.318603516,1292.93335,63.9980469
900.0,250.0,0.0605658554,0.301818848,1294.4,63.9980469
901.0,250.0,0.05774884,0.314025879,1295.8667,63.9980469
902.0,250.0,0.0570445843,0.323486328,1297.33337,63.9980469
903.0,250.0,0.0556360781,0.3363037,1298.93335,63.9980469
904.0,250.0,0.06127011,0.334777832,1300.4,63.9980469
905.0,250.0,0.0556360781,0.334777832,1301.8667,63.9980469
906.0,250.0,0.04788928,0.33416748,1303.33337,63.9980469
907.0,250.0,0.0535233133,0.32043457,1304.8,63.9980469
908.0,250.0,0.0619743653,0.319213867,1306.26672,63.9980469
909.0,250.0,0.0605658554,0.3338623,1307.8667,63.9980469
910.0,250.0,0.05774884,0.334777832,1309.33337,63.9980469
911.0,250.0,0.07042541,0.353088379,1310.8,63.9980469
912.0,250.0,0.0676084,0.3564453,1312.26672,63.9980469
913.0,250.0,0.06690414,0.357055664,1313.73328,63.9980469
914.0,250.0,0.06690414,0.335998535,1315.2,63.9980469
915.0,250.0,0.07042541,0.351867676,1316.8,63.9980469
916.0,250.0,0.0598616,0.335998535,1318.26672,63.9980469
917.0,250.0,0.06619989,0.335693359,1319.73328,63.9980469
918.0,250.0,0.06972116,0.334472656,1321.2,63.9980469
919.0,250.0,0.06408713,0.335083,1322.66663,63.9980469
920.0,250.0,0.06831265,0.335693359,1324.1333,63.9980469
921.0,250.0,0.06267862,0.3265381,1325.73328,63.9980469
922.0,250.0,0.0676084,0.335388184,1327.2,63.9980469
923.0,250.0,0.06267862,0.334472656,1328.66663,63.9980469
924.0,250.0,0.06831265,0.335388184,1330.1333,63.9980469
925.0,250.0,0.0598616,0.335083,1331.6,63.9980469
926.0,250.0,0.0760594457,0.335693359,1333.06665,63.9980469
927.0,250.0,0.0739466846,0.319213867,1334.66663,63.9980469
928.0,250.0,0.07324243,0.33203125,1336.1333,63.9980469
929.0,250.0,0.06690414,0.335693359,1337.6,63.9980469
930.0,250.0,0.0788764656,0.335998535,1339.06665,63.9980469
931.0,250.0,0.07324243,0.334777832,1340.53333,63.9980469
932.0,250.0,0.06127011,0.335083,1342.0,63.9980469
933.0,250.0,0.07042541,0.350646973,1343.6,63.9980469
934.0,250.0,0.0788764656,0.335083,1345.06665,63.9980469
935.0,250.0,0.07183392,0.335083,1346.53333,63.9980469
936.0,250.0,0.06831265,0.356140137,1348.0,63.9980469
937.0,250.0,0.0711296648,0.355834961,1349.46667,63.9980469
938.0,250.0,0.06831265,0.35736084,1350.93335,63.9980469
939.0,250.0,0.0690169,0.3567505,1352.53333,63.9980469
940.0,250.0,0.0760594457,0.356140137,1354.0,63.9980469
941.0,250.0,0.0711296648,0.3564453,1355.46667,63.9980469
942.0,250.0,0.06690414,0.3567505,1356.93335,63.9980469
943.0,250.0,0.0753551945,0.355834961,1358.4,63.9980469
944.0,250.0,0.08944028,0.344543457,1359.8667,63.9980469
945.0,250.0,0.09014453,0.335083,1361.46667,63.9980469
946.0,250.0,0.0725381747,0.352478027,1362.93335,63.9980469
947.0,250.0,0.08169348,0.3564453,1364.4,63.9980469
948.0,250.0,0.09296155,0.3363037,1365.8667,63.9980469
949.0,250.0,0.08591901,0.335388184,1367.33337,63.9980469
950.0,250.0,0.07324243,0.352172852,1368.93335,63.9980469
951.0,250.0,0.08732751,0.3527832,1370.4,63.9980469
952.0,250.0,0.09859558,0.335388184,1371.8667,63.9980469
953.0,250.0,0.08732751,0.335998535,1373.33337,63.9980469
954.0,250.0,0.0746509358,0.356140137,1374.8,63.9980469
955.0,250.0,0.104229614,0.35736084,1376.26672,63.9980469
956.0,250.0,0.0746509358,0.335693359,1377.73328,63.9980469
957.0,250.0,0.0619743653,0.3564453,1379.33337,63.9980469
958.0,250.0,0.09155304,0.352172852,1380.8,63.9980469
959.0,250.0,0.08803177,0.32043457,1382.26672,63.9980469
960.0,250.0,0.08310199,0.351867676,1383.73328,63.9980469
961.0,250.0,0.09225729,0.377197266,1385.2,63.9980469
962.0,250.0,0.08591901,0.357666016,1386.8,63.9980469
963.0,250.0,0.08380624,0.357055664,1388.26672,63.9980469
964.0,250.0,0.09084878,0.3567505,1389.73328,63.9980469
965.0,250.0,0.09577856,0.357055664,1391.2,63.9980469
966.0,250.0,0.08310199,0.3564453,1392.66663,63.9980469
967.0,250.0,0.09155304,0.3567505,1394.1333,63.9980469
968.0,250.0,0.09014453,0.3781128,1395.73328,63.9980469
969.0,250.0,0.0845105,0.361328125,1397.2,63.9980469
970.0,250.0,0.08169348,0.35736084,1398.66663,63.9980469
971.0,250.0,0.102116853,0.37322998,1400.1333,63.9980469
972.0,250.0,0.09929983,0.377807617,1401.6,63.9980469
973.0,250.0,0.07183392,0.38269043,1403.06665,63.9980469
974.0,250.0,0.08944028,0.379638672,1404.66663,63.9980469
975.0,250.0,0.107046627,0.3781128,1406.1333,63.9980469
976.0,250.0,0.09577856,0.377807617,1407.6,63.9980469
977.0,250.0,0.0802849755,0.38269043,1409.06665,63.9980469
978.0,250.0,0.104933865,0.3781128,1410.53333,63.9980469
979.0,250.0,0.111272156,0.3579712,1412.0,63.9980469
980.0,250.0,0.08944028,0.377502441,1413.46667,63.9980469
981.0,250.0,0.08521475,0.3781128,1415.06665,63.9980469
982.0,250.0,0.124652982,0.378417969,1416.53333,63.9980469
983.0,250.0,0.106342375,0.35736084,1418.0,63.9980469
984.0,250.0,0.08732751,0.377807617,1419.46667,63.9980469
985.0,250.0,0.104229614,0.373535156,1420.93335,63.9980469
986.0,250.0,0.113384917,0.356140137,1422.53333,63.9980469
987.0,250.0,0.09225729,0.362548828,1424.0,63.9980469
988.0,250.0,0.09648282,0.3567505,1425.46667,63.9980469
989.0,250.0,0.116906188,0.3567505,1426.93335,63.9980469
990.0,250.0,0.114089169,0.3564453,1428.4,63.9980469
991.0,250.0,0.100004084,0.3616333,1429.8667,63.9980469
992.0,250.0,0.09859558,0.378417969,1431.46667,63.9980469
993.0,250.0,0.12747,0.37322998,1432.93335,63.9980469
994.0,250.0,0.1183147,0.356140137,1434.4,63.9980469
995.0,250.0,0.1105679,0.391540527,1435.8667,63.9980469
996.0,250.0,0.107750885,0.3945923,1437.33337,63.9980469
997.0,250.0,0.129582763,0.37902832,1438.8,63.9980469
998.0,250.0,0.116906188,0.3781128,1440.4,63.9980469
999.0,250.0,0.105638124,0.39855957,1441.8667,63.9980469
1000.0,250.0,0.102821104,0.416259766,1443.33337,63.9980469
1001.0,250.0,0.140850827,0.380859375,1444.8,63.9980469
1002.0,250.0,0.112680659,0.3918457,1446.26672,63.9980469
1003.0,250.0,0.09648282,0.416564941,1447.73328,63.9980469
1004.0,250.0,0.130991265,0.410461426,1449.33337,63.9980469
1005.0,250.0,0.141555086,0.384521484,1450.8,63.9980469
1006.0,250.0,0.102116853,0.420227051,1452.26672,63.9980469
1007.0,250.0,0.09929983,0.4333496,1453.73328,63.9980469
1008.0,250.0,0.143667847,0.3817749,1455.2,63.9980469
1009.0,250.0,0.1366253,0.381164551,1456.66663,63.9980469
1010.0,250.0,0.103525355,0.419921875,1458.1333,63.9980469
1011.0,250.0,0.121131711,0.4171753,1459.73328,63.9980469
1012.0,250.0,0.15000613,0.378723145,1461.2,63.9980469
1013.0,250.0,0.121835969,0.396118164,1462.66663,63.9980469
1014.0,250.0,0.105638124,0.42755127,1464.1333,63.9980469
1015.0,250.0,0.132399783,0.39855957,1465.6,63.9980469
1016.0,250.0,0.141555086,0.377807617,1467.06665,63.9980469
1017.0,250.0,0.120427459,0.391540527,1468.66663,63.9980469
1018.0,250.0,0.115497679,0.3942871,1470.1333,63.9980469
1019.0,250.0,0.140146568,0.381164551,1471.6,63.9980469
1020.0,250.0,0.11620193,0.3793335,1473.06665,63.9980469
1021.0,250.0,0.121131711,0.3942871,1474.53333,63.9980469
1022.0,250.0,0.130991265,0.3942871,1476.1333,63.9980469
1023.0,250.0,0.129582763,0.378417969,1477.6,63.9980469
1024.0,250.0,0.09718707,0.393371582,1479.06665,63.9980469
1025.0,250.0,0.120427459,0.390319824,1480.53333,63.9980469
1026.0,250.0,0.139442325,0.361328125,1482.0,63.9980469
1027.0,250.0,0.129582763,0.377197266,1483.46667,63.9980469
1028.0,250.0,0.108455136,0.414123535,1485.06665,63.9980469
1029.0,250.0,0.115497679,0.39855957,1486.53333,63.9980469
1030.0,250.0,0.09296155,0.360717773,1488.0,63.9980469
1031.0,250.0,0.0774679556,0.3768921,1489.46667,63.9980469
1032.0,250.0,0.06690414,0.37902832,1490.93335,63.9980469
1033.0,250.0,0.0605658554,0.360717773,1492.53333,63.9980469
1034.0,250.0,0.0619743653,0.3363037,1494.0,63.9980469
1035.0,250.0,0.0507062972,0.352172852,1495.46667,63.9980469
1036.0,250.0,0.0760594457,0.339355469,1496.93335,63.9980469
1037.0,250.0,0.08521475,0.340271,1498.4,63.9980469
1038.0,250.0,0.09155304,0.3768921,1499.8667,63.9980469
1039.0,250.0,0.09155304,0.393676758,1501.46667,63.9980469
1040.0,250.0,0.08591901,0.379638672,1502.93335,63.9980469
1041.0,250.0,0.09014453,0.37902832,1504.4,63.9980469
1042.0,250.0,0.09437005,0.378417969,1505.8667,63.9980469
1043.0,250.0,0.09225729,0.377197266,1507.33337,63.9980469
1044.0,250.0,0.109863646,0.378417969,1508.8,63.9980469
1045.0,250.0,0.114793427,0.382385254,1510.4,63.9980469
1046.0,250.0,0.112680659,0.3945923,1511.8667,63.9980469
1047.0,250.0,0.101412594,0.394897461,1513.33337,63.9980469
1048.0,250.0,0.114089169,0.381164551,1514.8,63.9980469
1049.0,250.0,0.12747,0.377807617,1516.26672,63.9980469
1050.0,250.0,0.12535724,0.377807617,1517.73328,63.9980469
1051.0,250.0,0.11620193,0.3781128,1519.33337,63.9980469
1052.0,250.0,0.134512544,0.394897461,1520.8,63.9980469
1053.0,250.0,0.133808285,0.378417969,1522.26672,63.9980469
1054.0,250.0,0.116906188,0.37902832,1523.73328,63.9980469
1055.0,250.0,0.12747,0.378417969,1525.2,63.9980469
1056.0,250.0,0.12817426,0.378417969,1526.8,63.9980469
1057.0,250.0,0.1183147,0.3781128,1528.26672,63.9980469
1058.0,250.0,0.11620193,0.377502441,1529.73328,63.9980469
1059.0,250.0,0.130287021,0.377807617,1531.2,63.9980469
1060.0,250.0,0.1366253,0.3817749,1532.66663,63.9980469
1061.0,250.0,0.114089169,0.3942871,1534.1333,63.9980469
1062.0,250.0,0.116906188,0.3942871,1535.73328,63.9980469
1063.0,250.0,0.1366253,0.38482666,1537.2,63.9980469
1064.0,250.0,0.1352168,0.395202637,1538.66663,63.9980469
1065.0,250.0,0.114793427,0.4144287,1540.1333,63.9980469
1066.0,250.0,0.140146568,0.4159546,1541.6,63.9980469
1067.0,250.0,0.15564017,0.4159546,1543.06665,63.9980469
1068.0,250.0,0.140146568,0.415039063,1544.53333,63.9980469
1069.0,250.0,0.140146568,0.4208374,1546.1333,63.9980469
1070.0,250.0,0.147893369,0.4385376,1547.6,63.9980469
1071.0,250.0,0.15564017,0.4321289,1549.06665,63.9980469
1072.0,250.0,0.138738066,0.4333496,1550.53333,63.9980469
1073.0,250.0,0.154935911,0.441589355,1552.0,63.9980469
1074.0,250.0,0.157752931,0.438842773,1553.46667,63.9980469
1075.0,250.0,0.164091215,0.4373169,1555.06665,63.9980469
1076.0,250.0,0.154935911,0.4208374,1556.53333,63.9980469
1077.0,250.0,0.161978453,0.438232422,1558.0,63.9980469
1078.0,250.0,0.169725254,0.419921875,1559.46667,63.9980469
1079.0,250.0,0.167612478,0.4156494,1560.93335,63.9980469
1080.0,250.0,0.162682712,0.43762207,1562.4,63.9980469
1081.0,250.0,0.1612742,0.437011719,1564.0,63.9980469
1082.0,250.0,0.17747204,0.416259766,1565.46667,63.9980469
1083.0,250.0,0.17747204,0.4208374,1566.93335,63.9980469
1084.0,250.0,0.169725254,0.437011719,1568.4,63.9980469
1085.0,250.0,0.176063538,0.4373169,1569.8667,63.9980469
1086.0,250.0,0.182401821,0.416870117,1571.33337,63.9980469
1087.0,250.0,0.1767678,0.4171753,1572.93335,63.9980469
1088.0,250.0,0.17747204,0.416259766,1574.4,63.9980469
1089.0,250.0,0.1887401,0.416870117,1575.8667,63.9980469
1090.0,250.0,0.192965642,0.420532227,1577.33337,63.9980469
1091.0,250.0,0.180993319,0.437011719,1578.8,63.9980469
1092.0,250.0,0.184514582,0.420227051,1580.26672,63.9980469
1093.0,250.0,0.1964869,0.4156494,1581.8667,63.9980469
1094.0,250.0,0.194374144,0.432739258,1583.33337,63.9980469
1095.0,250.0,0.189444363,0.438232422,1584.8,63.9980469
1096.0,250.0,0.198599666,0.4373169,1586.26672,63.9980469
1097.0,250.0,0.212684751,0.437011719,1587.73328,63.9980469
1098.0,250.0,0.194374144,0.4534912,1589.2,63.9980469
1099.0,250.0,0.198599666,0.469360352,1590.8,63.9980469
1100.0,250.0,0.217614532,0.454101563,1592.26672,63.9980469
1101.0,250.0,0.214093253,0.454101563,1593.73328,63.9980469
1102.0,250.0,0.197191164,0.4751587,1595.2,63.9980469
1103.0,250.0,0.21550177,0.474243164,1596.66663,63.9980469
1104.0,250.0,0.2288826,0.471496582,1598.1333,63.9980469
1105.0,250.0,0.20775497,0.4788208,1599.6,63.9980469
1106.0,250.0,0.205642208,0.49621582,1601.2,63.9980469
1107.0,250.0,0.229586855,0.4586792,1602.66663,63.9980469
1108.0,250.0,0.228178337,0.474243164,1604.1333,63.9980469
1109.0,250.0,0.214797512,0.494995117,1605.6,63.9980469
1110.0,250.0,0.228178337,0.491943359,1607.06665,63.9980469
1111.0,250.0,0.230995357,0.47454834,1608.53333,63.9980469
1112.0,250.0,0.229586855,0.495605469,1610.0,63.9980469
1113.0,250.0,0.223952815,0.496521,1611.6,63.9980469
1114.0,250.0,0.229586855,0.476074219,1613.06665,63.9980469
1115.0,250.0,0.2366294,0.4751587,1614.53333,63.9980469
1116.0,250.0,0.2366294,0.479431152,1616.0,63.9980469
1117.0,250.0,0.223952815,0.491943359,1617.46667,63.9980469
1118.0,250.0,0.220431551,0.475769043,1618.93335,63.9980469
1119.0,250.0,0.242263421,0.475769043,1620.53333,63.9980469
1120.0,250.0,0.2535315,0.463256836,1622.0,63.9980469
1121.0,250.0,0.2197273,0.479736328,1623.46667,63.9980469
1122.0,250.0,0.233108118,0.496521,1624.93335,63.9980469
1123.0,250.0,0.252827227,0.477294922,1626.4,63.9980469
1124.0,250.0,0.233108118,0.475463867,1627.8667,63.9980469
1125.0,250.0,0.242263421,0.495910645,1629.46667,63.9980469
1126.0,250.0,0.238742158,0.4977417,1630.93335,63.9980469
1127.0,250.0,0.234516636,0.476989746,1632.4,63.9980469
1128.0,250.0,0.244376183,0.475463867,1633.8667,63.9980469
1129.0,250.0,0.244376183,0.474853516,1635.33337,63.9980469
1130.0,250.0,0.232403859,0.492248535,1636.8,63.9980469
1131.0,250.0,0.232403859,0.4763794,1638.4,63.9980469
1132.0,250.0,0.242263421,0.474243164,1639.8667,63.9980469
1133.0,250.0,0.2302911,0.474243164,1641.33337,63.9980469
1134.0,250.0,0.235220879,0.4800415,1642.8,63.9980469
1135.0,250.0,0.24296768,0.48034668,1644.26672,63.9980469
1136.0,250.0,0.226769835,0.4800415,1645.73328,63.9980469
1137.0,250.0,0.238742158,0.497436523,1647.33337,63.9980469
1138.0,250.0,0.238742158,0.496521,1648.8,63.9980469
1139.0,250.0,0.234516636,0.497131348,1650.26672,63.9980469
1140.0,250.0,0.243671939,0.497436523,1651.73328,63.9980469
1141.0,250.0,0.241559163,0.497131348,1653.2,63.9980469
1142.0,250.0,0.230995357,0.496521,1654.66663,63.9980469
1143.0,250.0,0.2394464,0.497131348,1656.26672,63.9980469
1144.0,250.0,0.2535315,0.496521,1657.73328,63.9980469
1145.0,250.0,0.225361317,0.49621582,1659.2,63.9980469
1146.0,250.0,0.234516636,0.496826172,1660.66663,63.9980469
1147.0,250.0,0.260574043,0.476074219,1662.1333,63.9980469
1148.0,250.0,0.223952815,0.495605469,1663.6,63.9980469
1149.0,250.0,0.223248556,0.496521,1665.2,63.9980469
1150.0,250.0,0.252827227,0.4800415,1666.66663,63.9980469
1151.0,250.0,0.24296768,0.475769043,1668.1333,63.9980469
1152.0,250.0,0.217614532,0.496521,1669.6,63.9980469
1153.0,250.0,0.23733364,0.491943359,1671.06665,63.9980469
1154.0,250.0,0.2535315,0.474853516,1672.66663,63.9980469
1155.0,250.0,0.234516636,0.474853516,1674.1333,63.9980469
1156.0,250.0,0.233108118,0.495605469,1675.6,63.9980469
1157.0,250.0,0.25494,0.496521,1677.06665,63.9980469
1158.0,250.0,0.259869784,0.4751587,1678.53333,63.9980469
1159.0,250.0,0.2471932,0.475463867,1680.0,63.9980469
1160.0,250.0,0.25141874,0.4751587,1681.6,63.9980469
1161.0,250.0,0.261278272,0.479736328,1683.06665,63.9980469
1162.0,250.0,0.2732506,0.49621582,1684.53333,63.9980469
1163.0,250.0,0.259165525,0.49621582,1686.0,63.9980469
1164.0,250.0,0.2690251,0.5126953,1687.46667,63.9980469
1165.0,250.0,0.2760676,0.512390137,1688.93335,63.9980469
1166.0,250.0,0.263391048,0.51361084,1690.53333,63.9980469
1167.0,250.0,0.264799565,0.513305664,1692.0,63.9980469
1168.0,250.0,0.26761657,0.5126953,1693.46667,63.9980469
1169.0,250.0,0.2704336,0.513305664,1694.93335,63.9980469
1170.0,250.0,0.272546351,0.5130005,1696.4,63.9980469
1171.0,250.0,0.26198253,0.516052246,1697.8667,63.9980469
1172.0,250.0,0.263391048,0.513305664,1699.46667,63.9980469
1173.0,250.0,0.259869784,0.512390137,1700.93335,63.9980469
1174.0,250.0,0.271137834,0.496826172,1702.4,63.9980469
1175.0,250.0,0.26198253,0.512084961,1703.8667,63.9980469
1176.0,250.0,0.252122968,0.512390137,1705.33337,63.9980469
1177.0,250.0,0.271137834,0.4977417,1706.8,63.9980469
1178.0,250.0,0.273954868,0.493469238,1708.4,63.9980469
1179.0,250.0,0.264799565,0.509643555,1709.8667,63.9980469
1180.0,250.0,0.244376183,0.5001831,1711.33337,63.9980469
1181.0,250.0,0.28944844,0.475769043,1712.8,63.9980469
1182.0,250.0,0.2781804,0.4788208,1714.26672,63.9980469
1183.0,250.0,0.250010222,0.529785156,1715.73328,63.9980469
1184.0,250.0,0.272546351,0.5154419,1717.33337,63.9980469
1185.0,250.0,0.288039953,0.47668457,1718.8,63.9980469
1186.0,250.0,0.255644262,0.508728,1720.26672,63.9980469
1187.0,250.0,0.2669123,0.5166626,1721.73328,63.9980469
1188.0,250.0,0.257757,0.5126953,1723.2,63.9980469
1189.0,250.0,0.28381443,0.499267578,1724.66663,63.9980469
1190.0,250.0,0.2795889,0.5130005,1726.26672,63.9980469
1191.0,250.0,0.247897461,0.5343628,1727.73328,63.9980469
1192.0,250.0,0.2626868,0.51361084,1729.2,63.9980469
1193.0,250.0,0.290856957,0.4977417,1730.66663,63.9980469
1194.0,250.0,0.2640953,0.5126953,1732.1333,63.9980469
1195.0,250.0,0.24296768,0.5508423,1733.6,63.9980469
1196.0,250.0,0.2824059,0.531005859,1735.2,63.9980469
1197.0,250.0,0.285927176,0.5126953,1736.66663,63.9980469
1198.0,250.0,0.25141874,0.5303955,1738.1333,63.9980469
1199.0,250.0,0.2704336,0.5554199,1739.6,63.9980469
1200.0,250.0,0.291561216,0.531311035,1741.06665,63.9980469
1201.0,250.0,0.2718421,0.51361084,1742.53333,63.9980469
1202.0,250.0,0.263391048,0.5508423,1744.1333,63.9980469
1203.0,250.0,0.2732506,0.5566406,1745.6,63.9980469
1204.0,250.0,0.293673962,0.5175781,1747.06665,63.9980469
1205.0,250.0,0.2760676,0.513305664,1748.53333,63.9980469
1206.0,250.0,0.276771873,0.5340576,1750.0,63.9980469
1207.0,250.0,0.280293137,0.5340576,1751.46667,63.9980469
1208.0,250.0,0.2887442,0.513916,1753.06665,63.9980469
1209.0,250.0,0.293673962,0.5130005,1754.53333,63.9980469
1210.0,250.0,0.258461267,0.5380249,1756.0,63.9980469
1211.0,250.0,0.299308,0.5307007,1757.46667,63.9980469
1212.0,250.0,0.293673962,0.498352051,1758.93335,63.9980469
1213.0,250.0,0.2626868,0.5163574,1760.4,63.9980469
1214.0,250.0,0.284518659,0.5383301,1762.0,63.9980469
1215.0,250.0,0.301420778,0.531005859,1763.46667,63.9980469
1216.0,250.0,0.271137834,0.513916,1764.93335,63.9980469
1217.0,250.0,0.2760676,0.533447266,1766.4,63.9980469
1218.0,250.0,0.285222918,0.534973145,1767.8667,63.9980469
1219.0,250.0,0.285927176,0.534667969,1769.33337,63.9980469
1220.0,250.0,0.261278272,0.5352783,1770.93335,63.9980469
1221.0,250.0,0.2781804,0.555114746,1772.4,63.9980469
1222.0,250.0,0.28381443,0.534667969,1773.8667,63.9980469
1223.0,250.0,0.2760676,0.534973145,1775.33337,63.9980469
1224.0,250.0,0.2795889,0.5557251,1776.8,63.9980469
1225.0,250.0,0.280293137,0.534667969,1778.26672,63.9980469
1226.0,250.0,0.281701654,0.534667969,1779.8667,63.9980469
1227.0,250.0,0.275363356,0.5554199,1781.33337,63.9980469
1228.0,250.0,0.28944844,0.5560303,1782.8,63.9980469
1229.0,250.0,0.2732506,0.5560303,1784.26672,63.9980469
1230.0,250.0,0.2887442,0.5358887,1785.73328,63.9980469
1231.0,250.0,0.299308,0.552063,1787.2,63.9980469
1232.0,250.0,0.2760676,0.5679321,1788.8,63.9980469
1233.0,250.0,0.294378221,0.5593872,1790.26672,63.9980469
1234.0,250.0,0.28381443,0.5566406,1791.73328,63.9980469
1235.0,250.0,0.294378221,0.5557251,1793.2,63.9980469
1236.0,250.0,0.293673962,0.557251,1794.66663,63.9980469
1237.0,250.0,0.2901527,0.5554199,1796.1333,63.9980469
1238.0,250.0,0.291561216,0.5529785,1797.73328,63.9980469
1239.0,250.0,0.29508248,0.5505371,1799.2,63.9980469
1240.0,250.0,0.29508248,0.5554199,1800.66663,63.9980469
1241.0,250.0,0.300012261,0.5560303,1802.1333,63.9980469
1242.0,250.0,0.300716519,0.5557251,1803.6,63.9980469
1243.0,250.0,0.31128034,0.552063,1805.06665,63.9980469
1244.0,250.0,0.297195256,0.551452637,1806.66663,63.9980469
1245.0,250.0,0.315505862,0.5557251,1808.1333,63.9980469
1246.0,250.0,0.3133931,0.539855957,1809.6,63.9980469
1247.0,250.0,0.307054818,0.5545044,1811.06665,63.9980469
1248.0,250.0,0.321844131,0.5557251,1812.53333,63.9980469
1249.0,250.0,0.318322867,0.5358887,1814.0,63.9980469
1250.0,250.0,0.306350559,0.555114746,1815.6,63.9980469
1251.0,250.0,0.321844131,0.5557251,1817.06665,63.9980469
1252.0,250.0,0.3225484,0.5566406,1818.53333,63.9980469
1253.0,250.0,0.301420778,0.5560303,1820.0,63.9980469
1254.0,250.0,0.3211399,0.5584717,1821.46667,63.9980469
1255.0,250.0,0.32747817,0.556335449,1822.93335,63.9980469
1256.0,250.0,0.310576081,0.571289063,1824.53333,63.9980469
1257.0,250.0,0.3084633,0.572509766,1826.0,63.9980469
1258.0,250.0,0.321844131,0.557251,1827.46667,63.9980469
1259.0,250.0,0.324661165,0.569152832,1828.93335,63.9980469
1260.0,250.0,0.315505862,0.5932617,1830.4,63.9980469
1261.0,250.0,0.329590946,0.5932617,1831.8667,63.9980469
1262.0,250.0,0.332407951,0.5734253,1833.46667,63.9980469
1263.0,250.0,0.334520727,0.5895996,1834.93335,63.9980469
1264.0,250.0,0.32747817,0.5944824,1836.4,63.9980469
1265.0,250.0,0.335224956,0.5947876,1837.8667,63.9980469
1266.0,250.0,0.335224956,0.592651367,1839.33337,63.9980469
1267.0,250.0,0.319731385,0.5947876,1840.8,63.9980469
1268.0,250.0,0.3394505,0.590515137,1842.4,63.9980469
1269.0,250.0,0.333816469,0.572814941,1843.8667,63.9980469
1270.0,250.0,0.335224956,0.5932617,1845.33337,63.9980469
1271.0,250.0,0.337337732,0.5761719,1846.8,63.9980469
1272.0,250.0,0.333816469,0.572509766,1848.26672,63.9980469
1273.0,250.0,0.329590946,0.5761719,1849.73328,63.9980469
1274.0,250.0,0.336633474,0.5938721,1851.33337,63.9980469
1275.0,250.0,0.345084518,0.568847656,1852.8,63.9980469
1276.0,250.0,0.32747817,0.5596924,1854.26672,63.9980469
1277.0,250.0,0.326069653,0.572509766,1855.73328,63.9980469
1278.0,250.0,0.34931004,0.557251,1857.2,63.9980469
1279.0,250.0,0.3176186,0.5560303,1858.66663,63.9980469
1280.0,250.0,0.328182429,0.571289063,1860.26672,63.9980469
1281.0,250.0,0.3422675,0.5593872,1861.73328,63.9980469
1282.0,250.0,0.3267739,0.5355835,1863.2,63.9980469
1283.0,250.0,0.330999434,0.5554199,1864.66663,63.9980469
1284.0,250.0,0.3239569,0.5679321,1866.1333,63.9980469
1285.0,250.0,0.3288867,0.5596924,1867.73328,63.9980469
1286.0,250.0,0.341563255,0.5560303,1869.2,63.9980469
1287.0,250.0,0.321844131,0.558776855,1870.66663,63.9980469
1288.0,250.0,0.3148016,0.571289063,1872.1333,63.9980469
1289.0,250.0,0.346493036,0.556335449,1873.6,63.9980469
1290.0,250.0,0.324661165,0.559082031,1875.06665,63.9980469
1291.0,250.0,0.315505862,0.5895996,1876.66663,63.9980469
1292.0,250.0,0.324661165,0.590515137,1878.1333,63.9980469
1293.0,250.0,0.352127075,0.562438965,1879.6,63.9980469
1294.0,250.0,0.321844131,0.5758667,1881.06665,63.9980469
1295.0,250.0,0.318322867,0.614624,1882.53333,63.9980469
1296.0,250.0,0.3486058,0.5767822,1884.0,63.9980469
1297.0,250.0,0.361282378,0.560302734,1885.46667,63.9980469
1298.0,250.0,0.329590946,0.6085205,1887.06665,63.9980469
1299.0,250.0,0.3422675,0.6286621,1888.53333,63.9980469
1300.0,250.0,0.375367463,0.5957031,1890.0,63.9980469
1301.0,250.0,0.366916418,0.589294434,1891.46667,63.9980469
1302.0,250.0,0.354239821,0.6289673,1892.93335,63.9980469
1303.0,250.0,0.345084518,0.628051758,1894.4,63.9980469
1304.0,250.0,0.402833372,0.5963135,1896.0,63.9980469
1305.0,250.0,0.385227025,0.598144531,1897.46667,63.9980469
1306.0,250.0,0.352127075,0.648498535,1898.93335,63.9980469
1307.0,250.0,0.3746632,0.6298828,1900.4,63.9980469
1308.0,250.0,0.4070589,0.5780029,1901.8667,63.9980469
1309.0,250.0,0.369733423,0.6112671,1903.33337,63.9980469
1310.0,250.0,0.3683249,0.631713867,1904.93335,63.9980469
1311.0,250.0,0.383114249,0.613098145,1906.4,63.9980469
1312.0,250.0,0.396495074,0.594177246,1907.8667,63.9980469
1313.0,250.0,0.3810015,0.614318848,1909.33337,63.9980469
1314.0,250.0,0.366212159,0.631713867,1910.8,63.9980469
1315.0,250.0,0.4007206,0.5999756,1912.26672,63.9980469
1316.0,250.0,0.388044029,0.594177246,1913.8667,63.9980469
1317.0,250.0,0.37677595,0.6149292,1915.33337,63.9980469
1318.0,250.0,0.372550428,0.63079834,1916.8,63.9980469
1319.0,250.0,0.407763153,0.611877441,1918.26672,63.9980469
1320.0,250.0,0.385931283,0.6109619,1919.73328,63.9980469
1321.0,250.0,0.375367463,0.6286621,1921.2,63.9980469
1322.0,250.0,0.385931283,0.6158447,1922.8,63.9980469
1323.0,250.0,0.417622715,0.615539551,1924.26672,63.9980469
1324.0,250.0,0.37114194,0.6185913,1925.73328,63.9980469
1325.0,250.0,0.37114194,0.6515503,1927.2,63.9980469
1326.0,250.0,0.414805681,0.6289673,1928.66663,63.9980469
1327.0,250.0,0.406354636,0.6161499,1930.1333,63.9980469
1328.0,250.0,0.361282378,0.652160645,1931.73328,63.9980469
1329.0,250.0,0.390861034,0.6362915,1933.2,63.9980469
1330.0,250.0,0.42043972,0.616760254,1934.66663,63.9980469
1331.0,250.0,0.3732547,0.6314087,1936.1333,63.9980469
1332.0,250.0,0.384522766,0.66986084,1937.6,63.9980469
1333.0,250.0,0.394382328,0.630493164,1939.06665,63.9980469
1334.0,250.0,0.388044029,0.6021118,1940.53333,63.9980469
1335.0,250.0,0.381705731,0.6188965,1942.1333,63.9980469
1336.0,250.0,0.3950866,0.6478882,1943.6,63.9980469
1337.0,250.0,0.387339771,0.633239746,1945.06665,63.9980469
1338.0,250.0,0.397199333,0.615539551,1946.53333,63.9980469
1339.0,250.0,0.400016338,0.61920166,1948.0,63.9980469
1340.0,250.0,0.4133972,0.631713867,1949.6,63.9980469
1341.0,250.0,0.4021291,0.6326294,1951.06665,63.9980469
1342.0,250.0,0.381705731,0.618286133,1952.53333,63.9980469
1343.0,250.0,0.417622715,0.6289673,1954.0,63.9980469
1344.0,250.0,0.407763153,0.631713867,1955.46667,63.9980469
1345.0,250.0,0.387339771,0.6323242,1956.93335,63.9980469
1346.0,250.0,0.414805681,0.6161499,1958.53333,63.9980469
1347.0,250.0,0.407763153,0.6158447,1960.0,63.9980469
1348.0,250.0,0.4098759,0.6161499,1961.46667,63.9980469
1349.0,250.0,0.402833372,0.6158447,1962.93335,63.9980469
1350.0,250.0,0.4042419,0.6277466,1964.4,63.9980469
1351.0,250.0,0.421848238,0.6161499,1965.8667,63.9980469
1352.0,250.0,0.418326974,0.6188965,1967.46667,63.9980469
1353.0,250.0,0.389452547,0.6314087,1968.93335,63.9980469
1354.0,250.0,0.430299282,0.616760254,1970.4,63.9980469
1355.0,250.0,0.414101422,0.5975342,1971.8667,63.9980469
1356.0,250.0,0.4042419,0.628051758,1973.33337,63.9980469
1357.0,250.0,0.4225525,0.632019043,1974.8,63.9980469
1358.0,250.0,0.411284417,0.633239746,1976.4,63.9980469
1359.0,250.0,0.401424855,0.6152344,1977.8667,63.9980469
1360.0,250.0,0.42607376,0.6158447,1979.33337,63.9980469
1361.0,250.0,0.395790815,0.6311035,1980.8,63.9980469
1362.0,250.0,0.4098759,0.633239746,1982.26672,63.9980469
1363.0,250.0,0.409171641,0.6164551,1983.73328,63.9980469
1364.0,250.0,0.411988676,0.628051758,1985.33337,63.9980469
1365.0,250.0,0.416918457,0.651855469,1986.8,63.9980469
1366.0,250.0,0.409171641,0.633239746,1988.26672,63.9980469
1367.0,250.0,0.433820546,0.6158447,1989.73328,63.9980469
1368.0,250.0,0.421848238,0.6335449,1991.2,63.9980469
1369.0,250.0,0.412692934,0.670166,1992.66663,63.9980469
1370.0,250.0,0.431003541,0.6359863,1994.26672,63.9980469
1371.0,250.0,0.4253695,0.619506836,1995.73328,63.9980469
1372.0,250.0,0.419735461,0.648193359,1997.2,63.9980469
1373.0,250.0,0.426778018,0.6329346,1998.66663,63.9980469
1374.0,250.0,0.427482277,0.6152344,2000.1333,63.9980469
1375.0,250.0,0.435933322,0.6314087,2001.6,63.9980469
1376.0,250.0,0.429595023,0.6530762,2003.2,63.9980469
1377.0,250.0,0.427482277,0.6500244,2004.66663,63.9980469
1378.0,250.0,0.4394546,0.631713867,2006.1333,63.9980469
1379.0,250.0,0.4464971,0.648193359,2007.6,63.9980469
1380.0,250.0,0.430299282,0.653381348,2009.06665,63.9980469
1381.0,250.0,0.411284417,0.649719238,2010.66663,63.9980469
1382.0,250.0,0.447201371,0.632019043,2012.1333,63.9980469
1383.0,250.0,0.4373418,0.6491089,2013.6,63.9980469
1384.0,250.0,0.416918457,0.6732178,2015.06665,63.9980469
1385.0,250.0,0.44790563,0.657959,2016.53333,63.9980469
1386.0,250.0,0.435933322,0.6335449,2018.0,63.9980469
1387.0,250.0,0.4373418,0.651855469,2019.46667,63.9980469
1388.0,250.0,0.423960984,0.669555664,2021.06665,63.9980469
1389.0,250.0,0.449314147,0.6756592,2022.53333,63.9980469
1390.0,250.0,0.4591737,0.6555176,2024.0,63.9980469
1391.0,250.0,0.415509939,0.6704712,2025.46667,63.9980469
1392.0,250.0,0.4422716,0.6741333,2026.93335,63.9980469
1393.0,250.0,0.4422716,0.6530762,2028.4,63.9980469
1394.0,250.0,0.4373418,0.6530762,2030.0,63.9980469
1395.0,250.0,0.4436801,0.6530762,2031.46667,63.9980469
1396.0,250.0,0.4373418,0.657043457,2032.93335,63.9980469
1397.0,250.0,0.45846945,0.6491089,2034.4,63.9980469
1398.0,250.0,0.4549482,0.632019043,2035.8667,63.9980469
1399.0,250.0,0.4331163,0.652160645,2037.46667,63.9980469
1400.0,250.0,0.45846945,0.6539917,2038.93335,63.9980469
1401.0,250.0,0.45846945,0.6314087,2040.4,63.9980469
1402.0,250.0,0.435933322,0.652771,2041.8667,63.9980469
1403.0,250.0,0.454243928,0.6869507,2043.33337,63.9980469
1404.0,250.0,0.474667281,0.6719971,2044.8,63.9980469
1405.0,250.0,0.464807719,0.6564331,2046.26672,63.9980469
1406.0,250.0,0.449314147,0.690002441,2047.8667,63.9980469
1407.0,250.0,0.466216236,0.687561035,2049.33325,63.9980469
1408.0,250.0,0.461286455,0.6756592,2050.8,63.9980469
1409.0,250.0,0.45846945,0.6878662,2052.2666,63.9980469
1410.0,250.0,0.459877968,0.711364746,2053.7334,63.9980469
1411.0,250.0,0.45846945,0.691223145,2055.2,63.9980469
1412.0,250.0,0.4669205,0.6750488,2056.8,63.9980469
1413.0,250.0,0.445088625,0.6765747,2058.2666,63.9980469
1414.0,250.0,0.449314147,0.711364746,2059.7334,63.9980469
1415.0,250.0,0.4619907,0.6915283,2061.2,63.9980469
1416.0,250.0,0.4486099,0.675354,2062.66675,63.9980469
1417.0,250.0,0.450722635,0.6903076,2064.1333,63.9980469
1418.0,250.0,0.450722635,0.6903076,2065.7334,63.9980469
1419.0,250.0,0.4577652,0.6756592,2067.2,63.9980469
1420.0,250.0,0.468329,0.677490234,2068.66675,63.9980469
1421.0,250.0,0.445088625,0.707702637,2070.1333,63.9980469
1422.0,250.0,0.45353967,0.696105957,2071.6,63.9980469
1423.0,250.0,0.4641035,0.675354,2073.06665,63.9980469
1424.0,250.0,0.452131152,0.6756592,2074.66675,63.9980469
1425.0,250.0,0.4486099,0.690917969,2076.1333,63.9980469
1426.0,250.0,0.45353967,0.671081543,2077.6,63.9980469
1427.0,250.0,0.468329,0.6542969,2079.06665,63.9980469
1428.0,250.0,0.455652416,0.674743652,2080.53345,63.9980469
1429.0,250.0,0.4577652,0.6854248,2082.0,63.9980469
1430.0,250.0,0.470441759,0.6716919,2083.6,63.9980469
1431.0,250.0,0.4697375,0.652771,2085.06665,63.9980469
1432.0,250.0,0.452131152,0.6564331,2086.53345,63.9980469
1433.0,250.0,0.470441759,0.653381348,2088.0,63.9980469
1434.0,250.0,0.464807719,0.653381348,2089.46655,63.9980469
1435.0,250.0,0.467624754,0.6567383,2091.06665,63.9980469
1436.0,250.0,0.455652416,0.6744385,2092.53345,63.9980469
1437.0,250.0,0.473963022,0.654602051,2094.0,63.9980469
1438.0,250.0,0.4669205,0.6524658,2095.46655,63.9980469
1439.0,250.0,0.456356674,0.6750488,2096.93335,63.9980469
1440.0,250.0,0.466216236,0.6744385,2098.4,63.9980469
1441.0,250.0,0.4619907,0.675354,2100.0,63.9980469
1442.0,250.0,0.467624754,0.674743652,2101.46655,63.9980469
1443.0,250.0,0.447201371,0.674743652,2102.93335,63.9980469
1444.0,250.0,0.4605822,0.6716919,2104.4,63.9980469
1445.0,250.0,0.466216236,0.6536865,2105.8667,63.9980469
1446.0,250.0,0.449314147,0.676269531,2107.33325,63.9980469
1447.0,250.0,0.465511978,0.6906128,2108.93335,63.9980469
1448.0,250.0,0.456356674,0.6744385,2110.4,63.9980469
1449.0,250.0,0.466216236,0.674743652,2111.8667,63.9980469
1450.0,250.0,0.470441759,0.674743652,2113.33325,63.9980469
1451.0,250.0,0.45353967,0.6756592,2114.8,63.9980469
1452.0,250.0,0.462694973,0.6878662,2116.2666,63.9980469
1453.0,250.0,0.470441759,0.6750488,2117.8667,63.9980469
1454.0,250.0,0.456356674,0.690917969,2119.33325,63.9980469
1455.0,250.0,0.4605822,0.691223145,2120.8,63.9980469
1456.0,250.0,0.4549482,0.6906128,2122.2666,63.9980469
1457.0,250.0,0.466216236,0.6756592,2123.7334,63.9980469
1458.0,250.0,0.4549482,0.6741333,2125.2,63.9980469
1459.0,250.0,0.4408631,0.6878662,2126.8,63.9980469
1460.0,250.0,0.474667281,0.690917969,2128.2666,63.9980469
1461.0,250.0,0.452131152,0.6890869,2129.7334,63.9980469
1462.0,250.0,0.4514269,0.6750488,2131.2,63.9980469
1463.0,250.0,0.4619907,0.687561035,2132.66675,63.9980469
1464.0,250.0,0.4549482,0.675354,2134.1333,63.9980469
1465.0,250.0,0.4605822,0.6744385,2135.7334,63.9980469
1466.0,250.0,0.457060933,0.6744385,2137.2,63.9980469
1467.0,250.0,0.465511978,0.691223145,2138.66675,63.9980469
1468.0,250.0,0.478188574,0.675964355,2140.1333,63.9980469
1469.0,250.0,0.465511978,0.657043457,2141.6,63.9980469
1470.0,250.0,0.464807719,0.6750488,2143.2,63.9980469
1471.0,250.0,0.472554535,0.6750488,2144.66675,63.9980469
1472.0,250.0,0.470441759,0.674743652,2146.1333,63.9980469
1473.0,250.0,0.474667281,0.675354,2147.6,63.9980469
1474.0,250.0,0.474667281,0.6903076,2149.06665,63.9980469
1475.0,250.0,0.481005579,0.678710938,2150.53345,63.9980469
1476.0,250.0,0.481005579,0.6741333,2152.1333,63.9980469
1477.0,250.0,0.477484316,0.675354,2153.6,63.9980469
1478.0,250.0,0.450722635,0.689697266,2155.06665,63.9980469
1479.0,250.0,0.495794922,0.690917969,2156.53345,63.9980469
1480.0,250.0,0.4760758,0.691223145,2158.0,63.9980469
1481.0,250.0,0.450722635,0.7128906,2159.46655,63.9980469
1482.0,250.0,0.4760758,0.6967163,2161.06665,63.9980469
1483.0,250.0,0.4852311,0.6756592,2162.53345,63.9980469
1484.0,250.0,0.4486099,0.707397461,2164.0,63.9980469
1485.0,250.0,0.478188574,0.716552734,2165.46655,63.9980469
1486.0,250.0,0.472554535,0.6921387,2166.93335,63.9980469
1487.0,250.0,0.464807719,0.7080078,2168.4,63.9980469
1488.0,250.0,0.490160882,0.7110596,2169.8667,63.9980469
1489.0,250.0,0.471850276,0.7128906,2171.46655,63.9980469
1490.0,250.0,0.4577652,0.7119751,2172.93335,63.9980469
1491.0,250.0,0.515514,0.7122803,2174.4,63.9980469
1492.0,250.0,0.471146017,0.728759766,0.0,63.9980469
1493.0,0.0,0.467624754,0.543518066,1.4666667,63.9980469
1494.0,0.0,0.234516636,-2.163086,2.26666665,63.9980469
1495.0,0.0,0.0,-4.654541,2.13333344,63.9980469
1496.0,0.0,-0.00352127058,-2.90405273,1.73333335,63.9980469
1497.0,0.0,0.345788777,0.5169678,1.73333335,63.9980469
1498.0,0.0,0.6831265,1.01196289,1.86666667,63.9980469
1499.0,0.0,0.0690169,0.181884766,1.86666667,63.9980469
1500.0,0.0,0.0338042,-0.0640869141,1.86666667,63.9980469
1501.0,0.0,0.3577611,0.00122070313,1.73333335,63.9980469
1502.0,0.0,0.3176186,0.13671875,1.73333335,63.9980469
1503.0,0.0,0.123244472,0.2697754,1.73333335,63.9980469
1504.0,0.0,0.2211358,0.205078125,1.73333335,63.9980469
1505.0,0.0,0.264799565,0.0921630859,1.73333335,63.9980469
1506.0,0.0,0.181697562,0.0979614258,1.73333335,63.9980469
1507.0,0.0,0.206346467,0.140380859,1.73333335,63.9980469
