File Name,Label
e030520235006,N
e030520235007,N
e030520236000,N
e030520236002,N
e030520236003,N
e030520236006,N
e030520236008,N
e030520236009,N
e030520236011,N
e030520236014,N
e030520236015,N
e030520236016,N
e030520236017,N
e030520236020,N
e030520236022,N
e030520236023,N
e030520236024,N
e030520236025,N
e030520236026,N
e030520236027,N
e030520236029,N
e030520236030,N
e030520236031,N
e030520236032,N
e030520236035,N
e030520236036,N
e030520236037,N
e030520236038,N
e030520236041,N
e030520236045,N
e030520236047,N
e030520236049,N
e030520236051,N
e030520236053,N
e030520236054,N
e030520236055,N
e030520236056,N
e030520236057,N
e030520236058,N
e030520236059,N
e030520236060,N
e030520236061,N
e030520236062,N
e030520236063,N
e030520236064,N
e030520236065,N
e030520236066,N
e030520236068,N
e030520236070,N
e030520236071,N
e030520236072,N
e030520236075,N
e030520236076,N
e030520236077,N
e030520236079,N
e030520237000,N
e030520237001,N
e030520237002,N
e030520237004,N
e030520237005,N
e030520237006,N
e030520237007,N
e030520237009,N
e030520237010,N
e030520237011,N
e030520237012,N
e030520237013,N
e030520237015,N
e030520237016,N
e030520237018,N
e030520237020,N
e030520237021,N
e030520237022,N
e030520237023,N
e030520237024,N
e030520237025,N
e030520237026,N
e030520237027,N
e030520237028,N
e030520237029,N
e030520237030,N
e030520237031,N
e030520237032,N
e030520237033,N
e030520237034,N
e030520237035,N
e030520237037,N
e030520237038,N
e030520237039,N
e030520237040,N
e030520237041,N
e030520237042,N
e030520237043,N
e030520237044,N
e030520237045,N
e030520237046,N
e030520237049,N
e030520237050,N
e030520237051,N
e030520237052,N
e030520237053,N
e030520237054,N
e030520237055,N
e030520237057,N
e030520237058,N
e030520237059,N
e030520237060,N
e030520237061,N
e030520237062,N
e030520237063,N
e030520237064,N
e030520237065,N
e030520237067,N
e030520237068,N
e030520237069,N
e030520237070,N
e030520237071,N
e030520237072,N
e030520237074,N
e030520237075,N
e030520237076,N
e030520237077,N
e030520237079,N
e030520237080,N
e030520237081,N
e030520237082,N
e0505202310001,N
e0505202310045,N
e0505202310050,N
e0505202310051,N
e0505202310054,N
e0505202310057,N
e0505202310058,N
e0505202310063,N
e0505202310066,N
e0505202310067,N
e0505202310072,N
e0505202310073,N
e0505202310074,N
e1005202311014,N
e1005202312008,N
e1005202314000,N
e1005202314001,N
e1005202315072,N
e1005202316000,N
e1005202316001,N
e1005202316002,N
e1005202316003,N
e1005202316005,N
e1005202316006,N
e1005202316007,N
e1005202316008,N
e1005202316009,N
e1005202316010,N
e1005202316012,N
e1005202316013,N
e1005202316015,N
e1005202316016,N
e1005202316017,N
e1005202316018,N
e1005202316019,N
e1005202316021,N
e1005202316022,N
e1005202316023,N
e1005202316024,N
e1005202316025,N
e1005202316026,N
e1005202316027,N
e1005202316028,N
e1005202316029,N
e1005202316030,N
e1005202316031,N
e1005202316032,N
e1005202316033,N
e1005202316034,N
e1005202316036,N
e1005202316037,N
e1005202316038,N
e1005202316039,N
e1005202316040,N
e1005202316041,N
e1005202316042,N
e1005202316043,N
e1005202316044,N
e1005202316045,N
e1005202316046,N
e1005202316047,N
e1005202316048,N
e1005202316049,N
e1005202316050,N
e1005202316051,N
e1005202316052,N
e1005202316053,N
e1005202316054,N
e1005202316055,N
e1005202316056,N
e1005202316057,N
e1005202316058,N
e1005202316059,N
e1005202316060,N
e1005202316061,N
e1005202316062,N
e1005202316063,N
e1005202316064,N
e1005202316066,N
e1005202316067,N
e1005202316068,N
e1005202316069,N
e1005202316070,N
e1005202316071,N
e1005202316073,N
e1005202316075,N
e1005202316077,N
e1005202316079,N
e1005202316080,N
e1005202317006,N
e1005202317033,N
e1005202317036,N
e1005202317039,N
e1005202317046,N
e1005202317051,N
e1005202317052,N
e1005202317055,N
e1005202317069,N
e1005202317072,N
e1005202317075,N
e1005202317078,N
e270420231000,N
e270420231001,N
e270420231002,N
e270420231003,N
e270420231004,N
e270420231005,N
e270420231006,N
e270420231007,N
e270420231008,N
e270420231009,N
e270420231010,N
e270420231011,N
e270420231013,N
e270420231015,N
e270420231022,N
e270420231023,N
e270420231024,N
e270420231025,N
e270420231026,N
e270420231027,N
e270420231028,N
e270420231029,N
e270420231030,N
e270420231031,N
e270420231032,N
e270420231033,N
e270420231034,N
e270420231036,N
e270420231037,N
e270420231038,N
e270420231039,N
e270420231040,N
e270420231041,N
e270420231042,N
e270420231043,N
e270420231044,N
e270420231045,N
e270420231046,N
e270420231047,N
e280420232000,N
e280420232001,N
e280420232002,N
e280420232003,N
e280420232005,N
e280420232006,N
e280420232007,N
e280420232008,N
e280420232009,N
e280420232010,N
e280420232011,N
e280420232012,N
e280420232013,N
e280420232015,N
e280420232016,N
e280420232017,N
e280420232018,N
e280420232019,N
e280420232022,N
e280420232023,N
e280420232025,N
e280420232026,N
e280420232027,N
e280420232029,N
e280420232030,N
e280420232032,N
e280420232033,N
e280420232034,N
e280420232035,N
e280420232036,N
e280420232037,N
e280420232038,N
e280420232039,N
e280420232040,N
e280420232041,N
e280420232042,N
e280420232043,N
e280420232044,N
e280420232045,N
e280420232046,N
e280420232047,N
e280420232048,N
e280420232049,N
e280420232051,N
e280420232052,N
e280420232053,N
e280420232054,N
e280420232055,N
e280420232056,N
e280420232057,N
e280420232058,N
e280420232059,N
e280420232060,N
e280420232061,N
e280420232062,N
e280420232064,N
e280420232065,N
e280420232066,N
e280420232067,N
e280420232068,N
e280420232070,N
e280420232071,N
e280420232072,N
e280420232073,N
e280420232074,N
e280420232075,N
e280420232076,N
e280420232077,N
e280420232078,N
e280420232079,N
e280420232081,N
e280420232082,N
e280420232084,N
e280420232085,N
e280420233000,N
e280420233001,N
e280420233002,N
e280420233003,N
e280420233005,N
e280420233006,N
e280420233008,N
e280420233009,N
e280420233010,N
e280420233011,N
e280420233012,N
e280420233014,N
e280420233015,N
e280420233016,N
e280420233017,N
e280420233018,N
e280420233019,N
e280420233020,N
e280420233021,N
e280420233022,N
e280420233024,N
e280420233025,N
e280420233026,N
e280420233027,N
e280420233028,N
e280420233029,N
e280420233030,N
e280420233031,N
e280420233032,N
e280420233033,N
e280420233034,N
e280420233035,N
e280420233037,N
e280420233038,N
e280420233039,N
e280420233040,N
e280420233041,N
e280420233042,N
e280420233044,N
e280420233046,N
e280420233047,N
e280420233048,N
e280420233049,N
e280420233051,N
e280420233052,N
e280420233054,N
e280420233055,N
e280420233056,N
e280420233057,N
e280420233060,N
e280420233061,N
e280420233062,N
e280420233063,N
e280420233065,N
e280420233067,N
e280420233068,N
e280420233070,N
e280420233071,N
e280420233072,N
e280420233073,N
e280420233075,N
e280420233076,N
e280420233077,N
e280420233078,N
e280420233079,N
e280420233080,N
e280420233081,N
e280420233082,N
e280420233083,N
e280420233084,N
e280420233085,N
e280420233086,N
e030520235038,NS
e030520235039,NS
e030520235070,NS
e0505202310038,NS
e050520239073,NS
e050520239074,NS
e050520239075,NS
e1005202313044,NS
e1005202313045,NS
e1005202314002,NS
e1005202314003,NS
e1005202314004,NS
e1005202314005,NS
e1005202314006,NS
e1005202314007,NS
e1005202314008,NS
e1005202314009,NS
e1005202314010,NS
e1005202314011,NS
e1005202314012,NS
e1005202314013,NS
e1005202314014,NS
e1005202314015,NS
e1005202314016,NS
e1005202314017,NS
e1005202314018,NS
e1005202314019,NS
e1005202314020,NS
e1005202314021,NS
e1005202314022,NS
e1005202314023,NS
e1005202314024,NS
e1005202314025,NS
e1005202314026,NS
e1005202314027,NS
e1005202314028,NS
e1005202314029,NS
e1005202314030,NS
e1005202314031,NS
e1005202314032,NS
e1005202314033,NS
e1005202314034,NS
e1005202314035,NS
e1005202314036,NS
e1005202314037,NS
e1005202314038,NS
e1005202314039,NS
e1005202314040,NS
e1005202314041,NS
e1005202314042,NS
e1005202314043,NS
e1005202314044,NS
e1005202314045,NS
e1005202314046,NS
e1005202314047,NS
e1005202314048,NS
e1005202314049,NS
e1005202314050,NS
e1005202314051,NS
e1005202314052,NS
e1005202314053,NS
e1005202314054,NS
e1005202314055,NS
e1005202314056,NS
e1005202314057,NS
e1005202314058,NS
e1005202314059,NS
e1005202314060,NS
e1005202314061,NS
e1005202314062,NS
e1005202314063,NS
e1005202314064,NS
e1005202314065,NS
e1005202314066,NS
e1005202314067,NS
e1005202314068,NS
e1005202314069,NS
e1005202314070,NS
e1005202314071,NS
e1005202315000,NS
e1005202315001,NS
e1005202315002,NS
e1005202315003,NS
e1005202315004,NS
e1005202315005,NS
e1005202315006,NS
e1005202315007,NS
e1005202315008,NS
e1005202315009,NS
e1005202315010,NS
e1005202315011,NS
e1005202315012,NS
e1005202315013,NS
e1005202315014,NS
e1005202315015,NS
e1005202315016,NS
e1005202315017,NS
e1005202315018,NS
e1005202315019,NS
e1005202315020,NS
e1005202315021,NS
e1005202315022,NS
e1005202315023,NS
e1005202315024,NS
e1005202315025,NS
e1005202315026,NS
e1005202315027,NS
e1005202315028,NS
e1005202315029,NS
e1005202315030,NS
e1005202315031,NS
e1005202315032,NS
e1005202315033,NS
e1005202315034,NS
e1005202315035,NS
e1005202315036,NS
e1005202315037,NS
e1005202315038,NS
e1005202315039,NS
e1005202315040,NS
e1005202315041,NS
e1005202315042,NS
e1005202315043,NS
e1005202315044,NS
e1005202315045,NS
e1005202315046,NS
e1005202315047,NS
e1005202315048,NS
e1005202315049,NS
e1005202315050,NS
e1005202315051,NS
e1005202315052,NS
e1005202315053,NS
e1005202315054,NS
e1005202315055,NS
e1005202315056,NS
e1005202315057,NS
e1005202315058,NS
e1005202315059,NS
e1005202315060,NS
e1005202315061,NS
e1005202315062,NS
e1005202315063,NS
e1005202315064,NS
e1005202315065,NS
e1005202315066,NS
e1005202315067,NS
e1005202315068,NS
e1005202315069,NS
e1005202315070,NS
e1005202315071,NS
e270420231016,NS
e270420231017,NS
e270420231018,NS
e270420231019,NS
e270420231020,NS
e270420231021,NS
e280420232020,NS
e280420232021,NS
e0505202310000,OT
e0505202310002,OT
e0505202310003,OT
e0505202310004,OT
e0505202310005,OT
e0505202310006,OT
e0505202310007,OT
e0505202310008,OT
e0505202310009,OT
e0505202310011,OT
e0505202310012,OT
e0505202310013,OT
e0505202310014,OT
e0505202310015,OT
e0505202310016,OT
e0505202310017,OT
e0505202310018,OT
e0505202310020,OT
e0505202310021,OT
e0505202310022,OT
e0505202310023,OT
e0505202310024,OT
e0505202310025,OT
e0505202310026,OT
e0505202310027,OT
e0505202310028,OT
e0505202310029,OT
e0505202310030,OT
e0505202310032,OT
e0505202310033,OT
e0505202310034,OT
e0505202310035,OT
e0505202310036,OT
e0505202310039,OT
e0505202310040,OT
e0505202310041,OT
e0505202310043,OT
e0505202310044,OT
e0505202310048,OT
e0505202310049,OT
e0505202310052,OT
e0505202310055,OT
e0505202310056,OT
e0505202310059,OT
e0505202310060,OT
e0505202310061,OT
e0505202310062,OT
e0505202310064,OT
e0505202310065,OT
e0505202310068,OT
e0505202310069,OT
e0505202310071,OT
e0505202310075,OT
e050520238000,OT
e050520238001,OT
e050520238002,OT
e050520238003,OT
e050520238004,OT
e050520238005,OT
e050520238006,OT
e050520238008,OT
e050520238009,OT
e050520238010,OT
e050520238011,OT
e050520238012,OT
e050520238013,OT
e050520238014,OT
e050520238015,OT
e050520238017,OT
e050520238018,OT
e050520238019,OT
e050520238020,OT
e050520238021,OT
e050520238022,OT
e050520238023,OT
e050520238024,OT
e050520238026,OT
e050520238028,OT
e050520238029,OT
e050520238031,OT
e050520238032,OT
e050520238033,OT
e050520238034,OT
e050520238035,OT
e050520238036,OT
e050520238037,OT
e050520238038,OT
e050520238039,OT
e050520238040,OT
e050520238041,OT
e050520238042,OT
e050520238044,OT
e050520238046,OT
e050520238047,OT
e050520238048,OT
e050520238049,OT
e050520238050,OT
e050520238054,OT
e050520238055,OT
e050520238056,OT
e050520238057,OT
e050520238058,OT
e050520238059,OT
e050520238060,OT
e050520238061,OT
e050520238063,OT
e050520238064,OT
e050520238065,OT
e050520238066,OT
e050520238067,OT
e050520238068,OT
e050520238069,OT
e050520238070,OT
e050520238072,OT
e050520238073,OT
e050520238074,OT
e050520238075,OT
e050520238076,OT
e050520238077,OT
e050520238082,OT
e050520238083,OT
e050520239000,OT
e050520239001,OT
e050520239002,OT
e050520239003,OT
e050520239004,OT
e050520239006,OT
e050520239007,OT
e050520239009,OT
e050520239010,OT
e050520239011,OT
e050520239012,OT
e050520239013,OT
e050520239014,OT
e050520239015,OT
e050520239016,OT
e050520239018,OT
e050520239019,OT
e050520239020,OT
e050520239021,OT
e050520239023,OT
e050520239024,OT
e050520239025,OT
e050520239026,OT
e050520239027,OT
e050520239028,OT
e050520239029,OT
e050520239030,OT
e050520239031,OT
e050520239032,OT
e050520239033,OT
e050520239034,OT
e050520239035,OT
e050520239036,OT
e050520239037,OT
e050520239038,OT
e050520239039,OT
e050520239040,OT
e050520239041,OT
e050520239042,OT
e050520239043,OT
e050520239044,OT
e050520239046,OT
e050520239047,OT
e050520239048,OT
e050520239049,OT
e050520239050,OT
e050520239051,OT
e050520239052,OT
e050520239055,OT
e050520239056,OT
e050520239057,OT
e050520239058,OT
e050520239060,OT
e050520239062,OT
e050520239063,OT
e050520239064,OT
e050520239065,OT
e050520239067,OT
e050520239068,OT
e050520239069,OT
e050520239070,OT
e050520239071,OT
e050520239072,OT
e050520239076,OT
e050520239078,OT
e050520239080,OT
e1005202311000,OT
e1005202311001,OT
e1005202311002,OT
e1005202311003,OT
e1005202311004,OT
e1005202311006,OT
e1005202311009,OT
e1005202311010,OT
e1005202311011,OT
e1005202311013,OT
e1005202311015,OT
e1005202311016,OT
e1005202311017,OT
e1005202311018,OT
e1005202311019,OT
e1005202311020,OT
e1005202311022,OT
e1005202311023,OT
e1005202311024,OT
e1005202311025,OT
e1005202311027,OT
e1005202311029,OT
e1005202311030,OT
e1005202311032,OT
e1005202311034,OT
e1005202311036,OT
e1005202311037,OT
e1005202311039,OT
e1005202311040,OT
e1005202311041,OT
e1005202311042,OT
e1005202311043,OT
e1005202311044,OT
e1005202311046,OT
e1005202311048,OT
e1005202311050,OT
e1005202311051,OT
e1005202311053,OT
e1005202311055,OT
e1005202311057,OT
e1005202311058,OT
e1005202311059,OT
e1005202311060,OT
e1005202311062,OT
e1005202311063,OT
e1005202311064,OT
e1005202311065,OT
e1005202311069,OT
e1005202311071,OT
e1005202311073,OT
e1005202311074,OT
e1005202311075,OT
e1005202311076,OT
e1005202311077,OT
e1005202311078,OT
e1005202311081,OT
e1005202311082,OT
e1005202311084,OT
e1005202311086,OT
e1005202317000,OT
e1005202317001,OT
e1005202317002,OT
e1005202317003,OT
e1005202317004,OT
e1005202317005,OT
e1005202317007,OT
e1005202317008,OT
e1005202317009,OT
e1005202317011,OT
e1005202317012,OT
e1005202317013,OT
e1005202317014,OT
e1005202317015,OT
e1005202317016,OT
e1005202317018,OT
e1005202317019,OT
e1005202317020,OT
e1005202317021,OT
e1005202317023,OT
e1005202317025,OT
e1005202317026,OT
e1005202317027,OT
e1005202317028,OT
e1005202317029,OT
e1005202317030,OT
e1005202317032,OT
e1005202317034,OT
e1005202317035,OT
e1005202317037,OT
e1005202317038,OT
e1005202317040,OT
e1005202317041,OT
e1005202317042,OT
e1005202317043,OT
e1005202317044,OT
e1005202317047,OT
e1005202317048,OT
e1005202317049,OT
e1005202317050,OT
e1005202317053,OT
e1005202317056,OT
e1005202317058,OT
e1005202317059,OT
e1005202317061,OT
e1005202317062,OT
e1005202317064,OT
e1005202317065,OT
e1005202317067,OT
e1005202317068,OT
e1005202317070,OT
e1005202317071,OT
e1005202317073,OT
e1005202317074,OT
e1005202317076,OT
e1005202317077,OT
e1005202317079,OT
e1005202317081,OT
e1005202317082,OT
e1005202317083,OT
e280420233050,OT
e280420233053,OT
e280420233059,OT
e280420233064,OT
e030520234012,P
e030520234016,P
e030520234022,P
e030520234024,P
e030520234025,P
e030520234026,P
e030520234027,P
e030520234031,P
e030520234033,P
e030520234035,P
e030520234038,P
e030520234041,P
e030520234042,P
e030520234054,P
e030520234058,P
e030520234062,P
e030520235003,P
e030520235008,P
e030520235009,P
e030520235012,P
e030520235020,P
e030520235021,P
e030520235024,P
e030520235025,P
e030520235030,P
e030520235032,P
e030520235043,P
e030520235044,P
e030520235046,P
e030520235049,P
e030520235050,P
e030520235055,P
e030520235067,P
e030520236001,P
e030520236005,P
e030520236007,P
e030520236010,P
e030520236013,P
e030520236018,P
e030520236021,P
e030520236028,P
e030520236033,P
e030520236039,P
e030520236040,P
e030520236042,P
e030520236043,P
e030520236046,P
e030520236048,P
e030520236050,P
e030520236052,P
e030520236067,P
e030520236069,P
e030520236073,P
e030520236074,P
e030520236078,P
e030520237008,P
e030520237017,P
e030520237019,P
e030520237036,P
e030520237066,P
e030520237078,P
e030520237083,P
e0505202310010,P
e0505202310019,P
e0505202310031,P
e0505202310037,P
e0505202310042,P
e0505202310046,P
e0505202310047,P
e0505202310070,P
e050520238007,P
e050520238016,P
e050520238025,P
e050520238027,P
e050520238030,P
e050520238051,P
e050520238053,P
e050520238062,P
e050520238071,P
e050520238078,P
e050520238079,P
e050520238081,P
e050520239005,P
e050520239022,P
e050520239054,P
e050520239059,P
e050520239061,P
e050520239079,P
e1005202311005,P
e1005202311007,P
e1005202311026,P
e1005202311033,P
e1005202311038,P
e1005202311047,P
e1005202311049,P
e1005202311052,P
e1005202311054,P
e1005202311056,P
e1005202311061,P
e1005202311066,P
e1005202311067,P
e1005202311068,P
e1005202311070,P
e1005202311072,P
e1005202311079,P
e1005202311083,P
e1005202311085,P
e1005202312002,P
e1005202312005,P
e1005202312013,P
e1005202312015,P
e1005202312018,P
e1005202312024,P
e1005202312031,P
e1005202312034,P
e1005202312046,P
e1005202312055,P
e1005202312067,P
e1005202312070,P
e1005202312072,P
e1005202312073,P
e1005202313014,P
e1005202313018,P
e1005202313019,P
e1005202313020,P
e1005202313021,P
e1005202313022,P
e1005202313029,P
e1005202313048,P
e1005202313062,P
e1005202313063,P
e1005202313065,P
e1005202313069,P
e1005202313076,P
e1005202313078,P
e1005202313085,P
e1005202316004,P
e1005202316072,P
e1005202316076,P
e1005202317022,P
e1005202317031,P
e280420232004,P
e280420232083,P
e280420232086,P
e280420233004,P
e280420233007,P
e280420233023,P
e280420233036,P
e280420233043,P
e280420233058,P
e280420233066,P
e280420233074,P
e030520234000,UT
e030520234001,UT
e030520234002,UT
e030520234003,UT
e030520234004,UT
e030520234005,UT
e030520234006,UT
e030520234007,UT
e030520234008,UT
e030520234009,UT
e030520234010,UT
e030520234011,UT
e030520234013,UT
e030520234014,UT
e030520234015,UT
e030520234017,UT
e030520234018,UT
e030520234019,UT
e030520234020,UT
e030520234021,UT
e030520234023,UT
e030520234028,UT
e030520234029,UT
e030520234030,UT
e030520234032,UT
e030520234034,UT
e030520234036,UT
e030520234037,UT
e030520234039,UT
e030520234040,UT
e030520234043,UT
e030520234044,UT
e030520234045,UT
e030520234046,UT
e030520234047,UT
e030520234048,UT
e030520234049,UT
e030520234050,UT
e030520234051,UT
e030520234052,UT
e030520234053,UT
e030520234055,UT
e030520234056,UT
e030520234057,UT
e030520234059,UT
e030520234060,UT
e030520234061,UT
e030520234063,UT
e030520234064,UT
e030520234065,UT
e030520234066,UT
e030520235000,UT
e030520235001,UT
e030520235002,UT
e030520235004,UT
e030520235005,UT
e030520235010,UT
e030520235011,UT
e030520235013,UT
e030520235014,UT
e030520235015,UT
e030520235016,UT
e030520235017,UT
e030520235018,UT
e030520235019,UT
e030520235022,UT
e030520235023,UT
e030520235026,UT
e030520235027,UT
e030520235028,UT
e030520235029,UT
e030520235031,UT
e030520235033,UT
e030520235034,UT
e030520235035,UT
e030520235036,UT
e030520235037,UT
e030520235040,UT
e030520235041,UT
e030520235042,UT
e030520235045,UT
e030520235047,UT
e030520235048,UT
e030520235051,UT
e030520235052,UT
e030520235053,UT
e030520235054,UT
e030520235056,UT
e030520235057,UT
e030520235058,UT
e030520235059,UT
e030520235060,UT
e030520235061,UT
e030520235062,UT
e030520235063,UT
e030520235064,UT
e030520235065,UT
e030520235066,UT
e030520235068,UT
e030520235069,UT
e030520235071,UT
e030520235072,UT
e030520235073,UT
e030520235074,UT
e030520235075,UT
e030520235077,UT
e030520235078,UT
e030520235079,UT
e030520235080,UT
e030520235081,UT
e030520235082,UT
e030520235083,UT
e030520235084,UT
e030520235085,UT
e030520235086,UT
e030520236004,UT
e030520236012,UT
e030520236019,UT
e030520236034,UT
e030520236044,UT
e030520236080,UT
e030520237003,UT
e030520237014,UT
e030520237047,UT
e030520237048,UT
e030520237056,UT
e030520237073,UT
e0505202310053,UT
e050520238043,UT
e050520238045,UT
e050520238052,UT
e050520238080,UT
e050520239008,UT
e050520239017,UT
e050520239045,UT
e050520239053,UT
e050520239066,UT
e050520239077,UT
e1005202311008,UT
e1005202311012,UT
e1005202311021,UT
e1005202311028,UT
e1005202311031,UT
e1005202311035,UT
e1005202311045,UT
e1005202311080,UT
e1005202312000,UT
e1005202312001,UT
e1005202312003,UT
e1005202312004,UT
e1005202312006,UT
e1005202312007,UT
e1005202312009,UT
e1005202312010,UT
e1005202312011,UT
e1005202312012,UT
e1005202312014,UT
e1005202312016,UT
e1005202312017,UT
e1005202312019,UT
e1005202312020,UT
e1005202312021,UT
e1005202312022,UT
e1005202312023,UT
e1005202312025,UT
e1005202312026,UT
e1005202312027,UT
e1005202312028,UT
e1005202312029,UT
e1005202312030,UT
e1005202312032,UT
e1005202312033,UT
e1005202312035,UT
e1005202312036,UT
e1005202312037,UT
e1005202312038,UT
e1005202312039,UT
e1005202312040,UT
e1005202312041,UT
e1005202312042,UT
e1005202312043,UT
e1005202312044,UT
e1005202312045,UT
e1005202312047,UT
e1005202312048,UT
e1005202312049,UT
e1005202312050,UT
e1005202312051,UT
e1005202312052,UT
e1005202312053,UT
e1005202312054,UT
e1005202312056,UT
e1005202312057,UT
e1005202312058,UT
e1005202312059,UT
e1005202312060,UT
e1005202312061,UT
e1005202312062,UT
e1005202312063,UT
e1005202312064,UT
e1005202312065,UT
e1005202312066,UT
e1005202312068,UT
e1005202312069,UT
e1005202312071,UT
e1005202312074,UT
e1005202312075,UT
e1005202313000,UT
e1005202313001,UT
e1005202313002,UT
e1005202313003,UT
e1005202313004,UT
e1005202313005,UT
e1005202313006,UT
e1005202313007,UT
e1005202313008,UT
e1005202313009,UT
e1005202313010,UT
e1005202313011,UT
e1005202313012,UT
e1005202313013,UT
e1005202313015,UT
e1005202313016,UT
e1005202313017,UT
e1005202313023,UT
e1005202313024,UT
e1005202313025,UT
e1005202313026,UT
e1005202313027,UT
e1005202313028,UT
e1005202313030,UT
e1005202313031,UT
e1005202313032,UT
e1005202313033,UT
e1005202313034,UT
e1005202313035,UT
e1005202313036,UT
e1005202313037,UT
e1005202313038,UT
e1005202313039,UT
e1005202313040,UT
e1005202313041,UT
e1005202313042,UT
e1005202313043,UT
e1005202313046,UT
e1005202313047,UT
e1005202313049,UT
e1005202313050,UT
e1005202313051,UT
e1005202313052,UT
e1005202313053,UT
e1005202313054,UT
e1005202313055,UT
e1005202313056,UT
e1005202313057,UT
e1005202313058,UT
e1005202313059,UT
e1005202313060,UT
e1005202313061,UT
e1005202313064,UT
e1005202313066,UT
e1005202313067,UT
e1005202313068,UT
e1005202313070,UT
e1005202313071,UT
e1005202313072,UT
e1005202313073,UT
e1005202313074,UT
e1005202313075,UT
e1005202313077,UT
e1005202313079,UT
e1005202313080,UT
e1005202313081,UT
e1005202313082,UT
e1005202313083,UT
e1005202313084,UT
e1005202313086,UT
e1005202316011,UT
e1005202316014,UT
e1005202316020,UT
e1005202316035,UT
e1005202316065,UT
e1005202316074,UT
e1005202316078,UT
e1005202317010,UT
e1005202317017,UT
e1005202317024,UT
e1005202317045,UT
e1005202317054,UT
e1005202317057,UT
e1005202317060,UT
e1005202317063,UT
e1005202317066,UT
e1005202317080,UT
e270420231012,UT
e270420231014,UT
e270420231035,UT
e280420232014,UT
e280420232024,UT
e280420232028,UT
e280420232031,UT
e280420232050,UT
e280420232063,UT
e280420232069,UT
e280420232080,UT
e280420233013,UT
e280420233045,UT
e280420233069,UT
i030520235006,N
i030520235007,N
i030520236000,N
i030520236002,N
i030520236003,N
i030520236006,N
i030520236008,N
i030520236009,N
i030520236011,N
i030520236014,N
i030520236015,N
i030520236016,N
i030520236017,N
i030520236020,N
i030520236022,N
i030520236023,N
i030520236024,N
i030520236025,N
i030520236026,N
i030520236027,N
i030520236029,N
i030520236030,N
i030520236031,N
i030520236032,N
i030520236035,N
i030520236036,N
i030520236037,N
i030520236038,N
i030520236041,N
i030520236045,N
i030520236047,N
i030520236049,N
i030520236051,N
i030520236053,N
i030520236054,N
i030520236055,N
i030520236056,N
i030520236057,N
i030520236058,N
i030520236059,N
i030520236060,N
i030520236061,N
i030520236062,N
i030520236063,N
i030520236064,N
i030520236065,N
i030520236066,N
i030520236068,N
i030520236070,N
i030520236071,N
i030520236072,N
i030520236075,N
i030520236076,N
i030520236077,N
i030520236079,N
i030520237000,N
i030520237001,N
i030520237002,N
i030520237004,N
i030520237005,N
i030520237006,N
i030520237007,N
i030520237009,N
i030520237010,N
i030520237011,N
i030520237012,N
i030520237013,N
i030520237015,N
i030520237016,N
i030520237018,N
i030520237020,N
i030520237021,N
i030520237022,N
i030520237023,N
i030520237024,N
i030520237025,N
i030520237026,N
i030520237027,N
i030520237028,N
i030520237029,N
i030520237030,N
i030520237031,N
i030520237032,N
i030520237033,N
i030520237034,N
i030520237035,N
i030520237037,N
i030520237038,N
i030520237039,N
i030520237040,N
i030520237041,N
i030520237042,N
i030520237043,N
i030520237044,N
i030520237045,N
i030520237046,N
i030520237049,N
i030520237050,N
i030520237051,N
i030520237052,N
i030520237053,N
i030520237054,N
i030520237055,N
i030520237057,N
i030520237058,N
i030520237059,N
i030520237060,N
i030520237061,N
i030520237062,N
i030520237063,N
i030520237064,N
i030520237065,N
i030520237067,N
i030520237068,N
i030520237069,N
i030520237070,N
i030520237071,N
i030520237072,N
i030520237074,N
i030520237075,N
i030520237076,N
i030520237077,N
i030520237079,N
i030520237080,N
i030520237081,N
i030520237082,N
i0505202310001,N
i0505202310045,N
i0505202310050,N
i0505202310051,N
i0505202310054,N
i0505202310057,N
i0505202310058,N
i0505202310063,N
i0505202310066,N
i0505202310067,N
i0505202310072,N
i0505202310073,N
i0505202310074,N
i1005202311014,N
i1005202312008,N
i1005202314000,N
i1005202314001,N
i1005202315072,N
i1005202316000,N
i1005202316001,N
i1005202316002,N
i1005202316003,N
i1005202316005,N
i1005202316006,N
i1005202316007,N
i1005202316008,N
i1005202316009,N
i1005202316010,N
i1005202316012,N
i1005202316013,N
i1005202316015,N
i1005202316016,N
i1005202316017,N
i1005202316018,N
i1005202316019,N
i1005202316021,N
i1005202316022,N
i1005202316023,N
i1005202316024,N
i1005202316025,N
i1005202316026,N
i1005202316027,N
i1005202316028,N
i1005202316029,N
i1005202316030,N
i1005202316031,N
i1005202316032,N
i1005202316033,N
i1005202316034,N
i1005202316036,N
i1005202316037,N
i1005202316038,N
i1005202316039,N
i1005202316040,N
i1005202316041,N
i1005202316042,N
i1005202316043,N
i1005202316044,N
i1005202316045,N
i1005202316046,N
i1005202316047,N
i1005202316048,N
i1005202316049,N
i1005202316050,N
i1005202316051,N
i1005202316052,N
i1005202316053,N
i1005202316054,N
i1005202316055,N
i1005202316056,N
i1005202316057,N
i1005202316058,N
i1005202316059,N
i1005202316060,N
i1005202316061,N
i1005202316062,N
i1005202316063,N
i1005202316064,N
i1005202316066,N
i1005202316067,N
i1005202316068,N
i1005202316069,N
i1005202316070,N
i1005202316071,N
i1005202316073,N
i1005202316075,N
i1005202316077,N
i1005202316079,N
i1005202316080,N
i1005202317006,N
i1005202317033,N
i1005202317036,N
i1005202317039,N
i1005202317046,N
i1005202317051,N
i1005202317052,N
i1005202317055,N
i1005202317069,N
i1005202317072,N
i1005202317075,N
i1005202317078,N
i270420231000,N
i270420231001,N
i270420231002,N
i270420231003,N
i270420231004,N
i270420231005,N
i270420231006,N
i270420231007,N
i270420231008,N
i270420231009,N
i270420231010,N
i270420231011,N
i270420231013,N
i270420231015,N
i270420231022,N
i270420231023,N
i270420231024,N
i270420231025,N
i270420231026,N
i270420231027,N
i270420231028,N
i270420231029,N
i270420231030,N
i270420231031,N
i270420231032,N
i270420231033,N
i270420231034,N
i270420231036,N
i270420231037,N
i270420231038,N
i270420231039,N
i270420231040,N
i270420231041,N
i270420231042,N
i270420231043,N
i270420231044,N
i270420231045,N
i270420231046,N
i270420231047,N
i280420232000,N
i280420232001,N
i280420232002,N
i280420232003,N
i280420232005,N
i280420232006,N
i280420232007,N
i280420232008,N
i280420232009,N
i280420232010,N
i280420232011,N
i280420232012,N
i280420232013,N
i280420232015,N
i280420232016,N
i280420232017,N
i280420232018,N
i280420232019,N
i280420232022,N
i280420232023,N
i280420232025,N
i280420232026,N
i280420232027,N
i280420232029,N
i280420232030,N
i280420232032,N
i280420232033,N
i280420232034,N
i280420232035,N
i280420232036,N
i280420232037,N
i280420232038,N
i280420232039,N
i280420232040,N
i280420232041,N
i280420232042,N
i280420232043,N
i280420232044,N
i280420232045,N
i280420232046,N
i280420232047,N
i280420232048,N
i280420232049,N
i280420232051,N
i280420232052,N
i280420232053,N
i280420232054,N
i280420232055,N
i280420232056,N
i280420232057,N
i280420232058,N
i280420232059,N
i280420232060,N
i280420232061,N
i280420232062,N
i280420232064,N
i280420232065,N
i280420232066,N
i280420232067,N
i280420232068,N
i280420232070,N
i280420232071,N
i280420232072,N
i280420232073,N
i280420232074,N
i280420232075,N
i280420232076,N
i280420232077,N
i280420232078,N
i280420232079,N
i280420232081,N
i280420232082,N
i280420232084,N
i280420232085,N
i280420233000,N
i280420233001,N
i280420233002,N
i280420233003,N
i280420233005,N
i280420233006,N
i280420233008,N
i280420233009,N
i280420233010,N
i280420233011,N
i280420233012,N
i280420233014,N
i280420233015,N
i280420233016,N
i280420233017,N
i280420233018,N
i280420233019,N
i280420233020,N
i280420233021,N
i280420233022,N
i280420233024,N
i280420233025,N
i280420233026,N
i280420233027,N
i280420233028,N
i280420233029,N
i280420233030,N
i280420233031,N
i280420233032,N
i280420233033,N
i280420233034,N
i280420233035,N
i280420233037,N
i280420233038,N
i280420233039,N
i280420233040,N
i280420233041,N
i280420233042,N
i280420233044,N
i280420233046,N
i280420233047,N
i280420233048,N
i280420233049,N
i280420233051,N
i280420233052,N
i280420233054,N
i280420233055,N
i280420233056,N
i280420233057,N
i280420233060,N
i280420233061,N
i280420233062,N
i280420233063,N
i280420233065,N
i280420233067,N
i280420233068,N
i280420233070,N
i280420233071,N
i280420233072,N
i280420233073,N
i280420233075,N
i280420233076,N
i280420233077,N
i280420233078,N
i280420233079,N
i280420233080,N
i280420233081,N
i280420233082,N
i280420233083,N
i280420233084,N
i280420233085,N
i280420233086,N
i030520235038,NS
i030520235039,NS
i030520235070,NS
i0505202310038,NS
i050520239073,NS
i050520239074,NS
i050520239075,NS
i1005202313044,NS
i1005202313045,NS
i1005202314002,NS
i1005202314003,NS
i1005202314004,NS
i1005202314005,NS
i1005202314006,NS
i1005202314007,NS
i1005202314008,NS
i1005202314009,NS
i1005202314010,NS
i1005202314011,NS
i1005202314012,NS
i1005202314013,NS
i1005202314014,NS
i1005202314015,NS
i1005202314016,NS
i1005202314017,NS
i1005202314018,NS
i1005202314019,NS
i1005202314020,NS
i1005202314021,NS
i1005202314022,NS
i1005202314023,NS
i1005202314024,NS
i1005202314025,NS
i1005202314026,NS
i1005202314027,NS
i1005202314028,NS
i1005202314029,NS
i1005202314030,NS
i1005202314031,NS
i1005202314032,NS
i1005202314033,NS
i1005202314034,NS
i1005202314035,NS
i1005202314036,NS
i1005202314037,NS
i1005202314038,NS
i1005202314039,NS
i1005202314040,NS
i1005202314041,NS
i1005202314042,NS
i1005202314043,NS
i1005202314044,NS
i1005202314045,NS
i1005202314046,NS
i1005202314047,NS
i1005202314048,NS
i1005202314049,NS
i1005202314050,NS
i1005202314051,NS
i1005202314052,NS
i1005202314053,NS
i1005202314054,NS
i1005202314055,NS
i1005202314056,NS
i1005202314057,NS
i1005202314058,NS
i1005202314059,NS
i1005202314060,NS
i1005202314061,NS
i1005202314062,NS
i1005202314063,NS
i1005202314064,NS
i1005202314065,NS
i1005202314066,NS
i1005202314067,NS
i1005202314068,NS
i1005202314069,NS
i1005202314070,NS
i1005202314071,NS
i1005202315000,NS
i1005202315001,NS
i1005202315002,NS
i1005202315003,NS
i1005202315004,NS
i1005202315005,NS
i1005202315006,NS
i1005202315007,NS
i1005202315008,NS
i1005202315009,NS
i1005202315010,NS
i1005202315011,NS
i1005202315012,NS
i1005202315013,NS
i1005202315014,NS
i1005202315015,NS
i1005202315016,NS
i1005202315017,NS
i1005202315018,NS
i1005202315019,NS
i1005202315020,NS
i1005202315021,NS
i1005202315022,NS
i1005202315023,NS
i1005202315024,NS
i1005202315025,NS
i1005202315026,NS
i1005202315027,NS
i1005202315028,NS
i1005202315029,NS
i1005202315030,NS
i1005202315031,NS
i1005202315032,NS
i1005202315033,NS
i1005202315034,NS
i1005202315035,NS
i1005202315036,NS
i1005202315037,NS
i1005202315038,NS
i1005202315039,NS
i1005202315040,NS
i1005202315041,NS
i1005202315042,NS
i1005202315043,NS
i1005202315044,NS
i1005202315045,NS
i1005202315046,NS
i1005202315047,NS
i1005202315048,NS
i1005202315049,NS
i1005202315050,NS
i1005202315051,NS
i1005202315052,NS
i1005202315053,NS
i1005202315054,NS
i1005202315055,NS
i1005202315056,NS
i1005202315057,NS
i1005202315058,NS
i1005202315059,NS
i1005202315060,NS
i1005202315061,NS
i1005202315062,NS
i1005202315063,NS
i1005202315064,NS
i1005202315065,NS
i1005202315066,NS
i1005202315067,NS
i1005202315068,NS
i1005202315069,NS
i1005202315070,NS
i1005202315071,NS
i270420231016,NS
i270420231017,NS
i270420231018,NS
i270420231019,NS
i270420231020,NS
i270420231021,NS
i280420232020,NS
i280420232021,NS
i0505202310000,OT
i0505202310002,OT
i0505202310003,OT
i0505202310004,OT
i0505202310005,OT
i0505202310006,OT
i0505202310007,OT
i0505202310008,OT
i0505202310009,OT
i0505202310011,OT
i0505202310012,OT
i0505202310013,OT
i0505202310014,OT
i0505202310015,OT
i0505202310016,OT
i0505202310017,OT
i0505202310018,OT
i0505202310020,OT
i0505202310021,OT
i0505202310022,OT
i0505202310023,OT
i0505202310024,OT
i0505202310025,OT
i0505202310026,OT
i0505202310027,OT
i0505202310028,OT
i0505202310029,OT
i0505202310030,OT
i0505202310032,OT
i0505202310033,OT
i0505202310034,OT
i0505202310035,OT
i0505202310036,OT
i0505202310039,OT
i0505202310040,OT
i0505202310041,OT
i0505202310043,OT
i0505202310044,OT
i0505202310048,OT
i0505202310049,OT
i0505202310052,OT
i0505202310055,OT
i0505202310056,OT
i0505202310059,OT
i0505202310060,OT
i0505202310061,OT
i0505202310062,OT
i0505202310064,OT
i0505202310065,OT
i0505202310068,OT
i0505202310069,OT
i0505202310071,OT
i0505202310075,OT
i050520238000,OT
i050520238001,OT
i050520238002,OT
i050520238003,OT
i050520238004,OT
i050520238005,OT
i050520238006,OT
i050520238008,OT
i050520238009,OT
i050520238010,OT
i050520238011,OT
i050520238012,OT
i050520238013,OT
i050520238014,OT
i050520238015,OT
i050520238017,OT
i050520238018,OT
i050520238019,OT
i050520238020,OT
i050520238021,OT
i050520238022,OT
i050520238023,OT
i050520238024,OT
i050520238026,OT
i050520238028,OT
i050520238029,OT
i050520238031,OT
i050520238032,OT
i050520238033,OT
i050520238034,OT
i050520238035,OT
i050520238036,OT
i050520238037,OT
i050520238038,OT
i050520238039,OT
i050520238040,OT
i050520238041,OT
i050520238042,OT
i050520238044,OT
i050520238046,OT
i050520238047,OT
i050520238048,OT
i050520238049,OT
i050520238050,OT
i050520238054,OT
i050520238055,OT
i050520238056,OT
i050520238057,OT
i050520238058,OT
i050520238059,OT
i050520238060,OT
i050520238061,OT
i050520238063,OT
i050520238064,OT
i050520238065,OT
i050520238066,OT
i050520238067,OT
i050520238068,OT
i050520238069,OT
i050520238070,OT
i050520238072,OT
i050520238073,OT
i050520238074,OT
i050520238075,OT
i050520238076,OT
i050520238077,OT
i050520238082,OT
i050520238083,OT
i050520239000,OT
i050520239001,OT
i050520239002,OT
i050520239003,OT
i050520239004,OT
i050520239006,OT
i050520239007,OT
i050520239009,OT
i050520239010,OT
i050520239011,OT
i050520239012,OT
i050520239013,OT
i050520239014,OT
i050520239015,OT
i050520239016,OT
i050520239018,OT
i050520239019,OT
i050520239020,OT
i050520239021,OT
i050520239023,OT
i050520239024,OT
i050520239025,OT
i050520239026,OT
i050520239027,OT
i050520239028,OT
i050520239029,OT
i050520239030,OT
i050520239031,OT
i050520239032,OT
i050520239033,OT
i050520239034,OT
i050520239035,OT
i050520239036,OT
i050520239037,OT
i050520239038,OT
i050520239039,OT
i050520239040,OT
i050520239041,OT
i050520239042,OT
i050520239043,OT
i050520239044,OT
i050520239046,OT
i050520239047,OT
i050520239048,OT
i050520239049,OT
i050520239050,OT
i050520239051,OT
i050520239052,OT
i050520239055,OT
i050520239056,OT
i050520239057,OT
i050520239058,OT
i050520239060,OT
i050520239062,OT
i050520239063,OT
i050520239064,OT
i050520239065,OT
i050520239067,OT
i050520239068,OT
i050520239069,OT
i050520239070,OT
i050520239071,OT
i050520239072,OT
i050520239076,OT
i050520239078,OT
i050520239080,OT
i1005202311000,OT
i1005202311001,OT
i1005202311002,OT
i1005202311003,OT
i1005202311004,OT
i1005202311006,OT
i1005202311009,OT
i1005202311010,OT
i1005202311011,OT
i1005202311013,OT
i1005202311015,OT
i1005202311016,OT
i1005202311017,OT
i1005202311018,OT
i1005202311019,OT
i1005202311020,OT
i1005202311022,OT
i1005202311023,OT
i1005202311024,OT
i1005202311025,OT
i1005202311027,OT
i1005202311029,OT
i1005202311030,OT
i1005202311032,OT
i1005202311034,OT
i1005202311036,OT
i1005202311037,OT
i1005202311039,OT
i1005202311040,OT
i1005202311041,OT
i1005202311042,OT
i1005202311043,OT
i1005202311044,OT
i1005202311046,OT
i1005202311048,OT
i1005202311050,OT
i1005202311051,OT
i1005202311053,OT
i1005202311055,OT
i1005202311057,OT
i1005202311058,OT
i1005202311059,OT
i1005202311060,OT
i1005202311062,OT
i1005202311063,OT
i1005202311064,OT
i1005202311065,OT
i1005202311069,OT
i1005202311071,OT
i1005202311073,OT
i1005202311074,OT
i1005202311075,OT
i1005202311076,OT
i1005202311077,OT
i1005202311078,OT
i1005202311081,OT
i1005202311082,OT
i1005202311084,OT
i1005202311086,OT
i1005202317000,OT
i1005202317001,OT
i1005202317002,OT
i1005202317003,OT
i1005202317004,OT
i1005202317005,OT
i1005202317007,OT
i1005202317008,OT
i1005202317009,OT
i1005202317011,OT
i1005202317012,OT
i1005202317013,OT
i1005202317014,OT
i1005202317015,OT
i1005202317016,OT
i1005202317018,OT
i1005202317019,OT
i1005202317020,OT
i1005202317021,OT
i1005202317023,OT
i1005202317025,OT
i1005202317026,OT
i1005202317027,OT
i1005202317028,OT
i1005202317029,OT
i1005202317030,OT
i1005202317032,OT
i1005202317034,OT
i1005202317035,OT
i1005202317037,OT
i1005202317038,OT
i1005202317040,OT
i1005202317041,OT
i1005202317042,OT
i1005202317043,OT
i1005202317044,OT
i1005202317047,OT
i1005202317048,OT
i1005202317049,OT
i1005202317050,OT
i1005202317053,OT
i1005202317056,OT
i1005202317058,OT
i1005202317059,OT
i1005202317061,OT
i1005202317062,OT
i1005202317064,OT
i1005202317065,OT
i1005202317067,OT
i1005202317068,OT
i1005202317070,OT
i1005202317071,OT
i1005202317073,OT
i1005202317074,OT
i1005202317076,OT
i1005202317077,OT
i1005202317079,OT
i1005202317081,OT
i1005202317082,OT
i1005202317083,OT
i280420233050,OT
i280420233053,OT
i280420233059,OT
i280420233064,OT
i030520234012,P
i030520234016,P
i030520234022,P
i030520234024,P
i030520234025,P
i030520234026,P
i030520234027,P
i030520234031,P
i030520234033,P
i030520234035,P
i030520234038,P
i030520234041,P
i030520234042,P
i030520234054,P
i030520234058,P
i030520234062,P
i030520235003,P
i030520235008,P
i030520235009,P
i030520235012,P
i030520235020,P
i030520235021,P
i030520235024,P
i030520235025,P
i030520235030,P
i030520235032,P
i030520235043,P
i030520235044,P
i030520235046,P
i030520235049,P
i030520235050,P
i030520235055,P
i030520235067,P
i030520236001,P
i030520236005,P
i030520236007,P
i030520236010,P
i030520236013,P
i030520236018,P
i030520236021,P
i030520236028,P
i030520236033,P
i030520236039,P
i030520236040,P
i030520236042,P
i030520236043,P
i030520236046,P
i030520236048,P
i030520236050,P
i030520236052,P
i030520236067,P
i030520236069,P
i030520236073,P
i030520236074,P
i030520236078,P
i030520237008,P
i030520237017,P
i030520237019,P
i030520237036,P
i030520237066,P
i030520237078,P
i030520237083,P
i0505202310010,P
i0505202310019,P
i0505202310031,P
i0505202310037,P
i0505202310042,P
i0505202310046,P
i0505202310047,P
i0505202310070,P
i050520238007,P
i050520238016,P
i050520238025,P
i050520238027,P
i050520238030,P
i050520238051,P
i050520238053,P
i050520238062,P
i050520238071,P
i050520238078,P
i050520238079,P
i050520238081,P
i050520239005,P
i050520239022,P
i050520239054,P
i050520239059,P
i050520239061,P
i050520239079,P
i1005202311005,P
i1005202311007,P
i1005202311026,P
i1005202311033,P
i1005202311038,P
i1005202311047,P
i1005202311049,P
i1005202311052,P
i1005202311054,P
i1005202311056,P
i1005202311061,P
i1005202311066,P
i1005202311067,P
i1005202311068,P
i1005202311070,P
i1005202311072,P
i1005202311079,P
i1005202311083,P
i1005202311085,P
i1005202312002,P
i1005202312005,P
i1005202312013,P
i1005202312015,P
i1005202312018,P
i1005202312024,P
i1005202312031,P
i1005202312034,P
i1005202312046,P
i1005202312055,P
i1005202312067,P
i1005202312070,P
i1005202312072,P
i1005202312073,P
i1005202313014,P
i1005202313018,P
i1005202313019,P
i1005202313020,P
i1005202313021,P
i1005202313022,P
i1005202313029,P
i1005202313048,P
i1005202313062,P
i1005202313063,P
i1005202313065,P
i1005202313069,P
i1005202313076,P
i1005202313078,P
i1005202313085,P
i1005202316004,P
i1005202316072,P
i1005202316076,P
i1005202317022,P
i1005202317031,P
i280420232004,P
i280420232083,P
i280420232086,P
i280420233004,P
i280420233007,P
i280420233023,P
i280420233036,P
i280420233043,P
i280420233058,P
i280420233066,P
i280420233074,P
i030520234000,UT
i030520234001,UT
i030520234002,UT
i030520234003,UT
i030520234004,UT
i030520234005,UT
i030520234006,UT
i030520234007,UT
i030520234008,UT
i030520234009,UT
i030520234010,UT
i030520234011,UT
i030520234013,UT
i030520234014,UT
i030520234015,UT
i030520234017,UT
i030520234018,UT
i030520234019,UT
i030520234020,UT
i030520234021,UT
i030520234023,UT
i030520234028,UT
i030520234029,UT
i030520234030,UT
i030520234032,UT
i030520234034,UT
i030520234036,UT
i030520234037,UT
i030520234039,UT
i030520234040,UT
i030520234043,UT
i030520234044,UT
i030520234045,UT
i030520234046,UT
i030520234047,UT
i030520234048,UT
i030520234049,UT
i030520234050,UT
i030520234051,UT
i030520234052,UT
i030520234053,UT
i030520234055,UT
i030520234056,UT
i030520234057,UT
i030520234059,UT
i030520234060,UT
i030520234061,UT
i030520234063,UT
i030520234064,UT
i030520234065,UT
i030520234066,UT
i030520235000,UT
i030520235001,UT
i030520235002,UT
i030520235004,UT
i030520235005,UT
i030520235010,UT
i030520235011,UT
i030520235013,UT
i030520235014,UT
i030520235015,UT
i030520235016,UT
i030520235017,UT
i030520235018,UT
i030520235019,UT
i030520235022,UT
i030520235023,UT
i030520235026,UT
i030520235027,UT
i030520235028,UT
i030520235029,UT
i030520235031,UT
i030520235033,UT
i030520235034,UT
i030520235035,UT
i030520235036,UT
i030520235037,UT
i030520235040,UT
i030520235041,UT
i030520235042,UT
i030520235045,UT
i030520235047,UT
i030520235048,UT
i030520235051,UT
i030520235052,UT
i030520235053,UT
i030520235054,UT
i030520235056,UT
i030520235057,UT
i030520235058,UT
i030520235059,UT
i030520235060,UT
i030520235061,UT
i030520235062,UT
i030520235063,UT
i030520235064,UT
i030520235065,UT
i030520235066,UT
i030520235068,UT
i030520235069,UT
i030520235071,UT
i030520235072,UT
i030520235073,UT
i030520235074,UT
i030520235075,UT
i030520235077,UT
i030520235078,UT
i030520235079,UT
i030520235080,UT
i030520235081,UT
i030520235082,UT
i030520235083,UT
i030520235084,UT
i030520235085,UT
i030520235086,UT
i030520236004,UT
i030520236012,UT
i030520236019,UT
i030520236034,UT
i030520236044,UT
i030520236080,UT
i030520237003,UT
i030520237014,UT
i030520237047,UT
i030520237048,UT
i030520237056,UT
i030520237073,UT
i0505202310053,UT
i050520238043,UT
i050520238045,UT
i050520238052,UT
i050520238080,UT
i050520239008,UT
i050520239017,UT
i050520239045,UT
i050520239053,UT
i050520239066,UT
i050520239077,UT
i1005202311008,UT
i1005202311012,UT
i1005202311021,UT
i1005202311028,UT
i1005202311031,UT
i1005202311035,UT
i1005202311045,UT
i1005202311080,UT
i1005202312000,UT
i1005202312001,UT
i1005202312003,UT
i1005202312004,UT
i1005202312006,UT
i1005202312007,UT
i1005202312009,UT
i1005202312010,UT
i1005202312011,UT
i1005202312012,UT
i1005202312014,UT
i1005202312016,UT
i1005202312017,UT
i1005202312019,UT
i1005202312020,UT
i1005202312021,UT
i1005202312022,UT
i1005202312023,UT
i1005202312025,UT
i1005202312026,UT
i1005202312027,UT
i1005202312028,UT
i1005202312029,UT
i1005202312030,UT
i1005202312032,UT
i1005202312033,UT
i1005202312035,UT
i1005202312036,UT
i1005202312037,UT
i1005202312038,UT
i1005202312039,UT
i1005202312040,UT
i1005202312041,UT
i1005202312042,UT
i1005202312043,UT
i1005202312044,UT
i1005202312045,UT
i1005202312047,UT
i1005202312048,UT
i1005202312049,UT
i1005202312050,UT
i1005202312051,UT
i1005202312052,UT
i1005202312053,UT
i1005202312054,UT
i1005202312056,UT
i1005202312057,UT
i1005202312058,UT
i1005202312059,UT
i1005202312060,UT
i1005202312061,UT
i1005202312062,UT
i1005202312063,UT
i1005202312064,UT
i1005202312065,UT
i1005202312066,UT
i1005202312068,UT
i1005202312069,UT
i1005202312071,UT
i1005202312074,UT
i1005202312075,UT
i1005202313000,UT
i1005202313001,UT
i1005202313002,UT
i1005202313003,UT
i1005202313004,UT
i1005202313005,UT
i1005202313006,UT
i1005202313007,UT
i1005202313008,UT
i1005202313009,UT
i1005202313010,UT
i1005202313011,UT
i1005202313012,UT
i1005202313013,UT
i1005202313015,UT
i1005202313016,UT
i1005202313017,UT
i1005202313023,UT
i1005202313024,UT
i1005202313025,UT
i1005202313026,UT
i1005202313027,UT
i1005202313028,UT
i1005202313030,UT
i1005202313031,UT
i1005202313032,UT
i1005202313033,UT
i1005202313034,UT
i1005202313035,UT
i1005202313036,UT
i1005202313037,UT
i1005202313038,UT
i1005202313039,UT
i1005202313040,UT
i1005202313041,UT
i1005202313042,UT
i1005202313043,UT
i1005202313046,UT
i1005202313047,UT
i1005202313049,UT
i1005202313050,UT
i1005202313051,UT
i1005202313052,UT
i1005202313053,UT
i1005202313054,UT
i1005202313055,UT
i1005202313056,UT
i1005202313057,UT
i1005202313058,UT
i1005202313059,UT
i1005202313060,UT
i1005202313061,UT
i1005202313064,UT
i1005202313066,UT
i1005202313067,UT
i1005202313068,UT
i1005202313070,UT
i1005202313071,UT
i1005202313072,UT
i1005202313073,UT
i1005202313074,UT
i1005202313075,UT
i1005202313077,UT
i1005202313079,UT
i1005202313080,UT
i1005202313081,UT
i1005202313082,UT
i1005202313083,UT
i1005202313084,UT
i1005202313086,UT
i1005202316011,UT
i1005202316014,UT
i1005202316020,UT
i1005202316035,UT
i1005202316065,UT
i1005202316074,UT
i1005202316078,UT
i1005202317010,UT
i1005202317017,UT
i1005202317024,UT
i1005202317045,UT
i1005202317054,UT
i1005202317057,UT
i1005202317060,UT
i1005202317063,UT
i1005202317066,UT
i1005202317080,UT
i270420231012,UT
i270420231014,UT
i270420231035,UT
i280420232014,UT
i280420232024,UT
i280420232028,UT
i280420232031,UT
i280420232050,UT
i280420232063,UT
i280420232069,UT
i280420232080,UT
i280420233013,UT
i280420233045,UT
i280420233069,UT
t030520235006,N
t030520235007,N
t030520236000,N
t030520236002,N
t030520236003,N
t030520236006,N
t030520236008,N
t030520236009,N
t030520236011,N
t030520236014,N
t030520236015,N
t030520236016,N
t030520236017,N
t030520236020,N
t030520236022,N
t030520236023,N
t030520236024,N
t030520236025,N
t030520236026,N
t030520236027,N
t030520236029,N
t030520236030,N
t030520236031,N
t030520236032,N
t030520236035,N
t030520236036,N
t030520236037,N
t030520236038,N
t030520236041,N
t030520236045,N
t030520236047,N
t030520236049,N
t030520236051,N
t030520236053,N
t030520236054,N
t030520236055,N
t030520236056,N
t030520236057,N
t030520236058,N
t030520236059,N
t030520236060,N
t030520236061,N
t030520236062,N
t030520236063,N
t030520236064,N
t030520236065,N
t030520236066,N
t030520236068,N
t030520236070,N
t030520236071,N
t030520236072,N
t030520236075,N
t030520236076,N
t030520236077,N
t030520236079,N
t030520237000,N
t030520237001,N
t030520237002,N
t030520237004,N
t030520237005,N
t030520237006,N
t030520237007,N
t030520237009,N
t030520237010,N
t030520237011,N
t030520237012,N
t030520237013,N
t030520237015,N
t030520237016,N
t030520237018,N
t030520237020,N
t030520237021,N
t030520237022,N
t030520237023,N
t030520237024,N
t030520237025,N
t030520237026,N
t030520237027,N
t030520237028,N
t030520237029,N
t030520237030,N
t030520237031,N
t030520237032,N
t030520237033,N
t030520237034,N
t030520237035,N
t030520237037,N
t030520237038,N
t030520237039,N
t030520237040,N
t030520237041,N
t030520237042,N
t030520237043,N
t030520237044,N
t030520237045,N
t030520237046,N
t030520237049,N
t030520237050,N
t030520237051,N
t030520237052,N
t030520237053,N
t030520237054,N
t030520237055,N
t030520237057,N
t030520237058,N
t030520237059,N
t030520237060,N
t030520237061,N
t030520237062,N
t030520237063,N
t030520237064,N
t030520237065,N
t030520237067,N
t030520237068,N
t030520237069,N
t030520237070,N
t030520237071,N
t030520237072,N
t030520237074,N
t030520237075,N
t030520237076,N
t030520237077,N
t030520237079,N
t030520237080,N
t030520237081,N
t030520237082,N
t0505202310001,N
t0505202310045,N
t0505202310050,N
t0505202310051,N
t0505202310054,N
t0505202310057,N
t0505202310058,N
t0505202310063,N
t0505202310066,N
t0505202310067,N
t0505202310072,N
t0505202310073,N
t0505202310074,N
t1005202311014,N
t1005202312008,N
t1005202314000,N
t1005202314001,N
t1005202315072,N
t1005202316000,N
t1005202316001,N
t1005202316002,N
t1005202316003,N
t1005202316005,N
t1005202316006,N
t1005202316007,N
t1005202316008,N
t1005202316009,N
t1005202316010,N
t1005202316012,N
t1005202316013,N
t1005202316015,N
t1005202316016,N
t1005202316017,N
t1005202316018,N
t1005202316019,N
t1005202316021,N
t1005202316022,N
t1005202316023,N
t1005202316024,N
t1005202316025,N
t1005202316026,N
t1005202316027,N
t1005202316028,N
t1005202316029,N
t1005202316030,N
t1005202316031,N
t1005202316032,N
t1005202316033,N
t1005202316034,N
t1005202316036,N
t1005202316037,N
t1005202316038,N
t1005202316039,N
t1005202316040,N
t1005202316041,N
t1005202316042,N
t1005202316043,N
t1005202316044,N
t1005202316045,N
t1005202316046,N
t1005202316047,N
t1005202316048,N
t1005202316049,N
t1005202316050,N
t1005202316051,N
t1005202316052,N
t1005202316053,N
t1005202316054,N
t1005202316055,N
t1005202316056,N
t1005202316057,N
t1005202316058,N
t1005202316059,N
t1005202316060,N
t1005202316061,N
t1005202316062,N
t1005202316063,N
t1005202316064,N
t1005202316066,N
t1005202316067,N
t1005202316068,N
t1005202316069,N
t1005202316070,N
t1005202316071,N
t1005202316073,N
t1005202316075,N
t1005202316077,N
t1005202316079,N
t1005202316080,N
t1005202317006,N
t1005202317033,N
t1005202317036,N
t1005202317039,N
t1005202317046,N
t1005202317051,N
t1005202317052,N
t1005202317055,N
t1005202317069,N
t1005202317072,N
t1005202317075,N
t1005202317078,N
t270420231000,N
t270420231001,N
t270420231002,N
t270420231003,N
t270420231004,N
t270420231005,N
t270420231006,N
t270420231007,N
t270420231008,N
t270420231009,N
t270420231010,N
t270420231011,N
t270420231013,N
t270420231015,N
t270420231022,N
t270420231023,N
t270420231024,N
t270420231025,N
t270420231026,N
t270420231027,N
t270420231028,N
t270420231029,N
t270420231030,N
t270420231031,N
t270420231032,N
t270420231033,N
t270420231034,N
t270420231036,N
t270420231037,N
t270420231038,N
t270420231039,N
t270420231040,N
t270420231041,N
t270420231042,N
t270420231043,N
t270420231044,N
t270420231045,N
t270420231046,N
t270420231047,N
t280420232000,N
t280420232001,N
t280420232002,N
t280420232003,N
t280420232005,N
t280420232006,N
t280420232007,N
t280420232008,N
t280420232009,N
t280420232010,N
t280420232011,N
t280420232012,N
t280420232013,N
t280420232015,N
t280420232016,N
t280420232017,N
t280420232018,N
t280420232019,N
t280420232022,N
t280420232023,N
t280420232025,N
t280420232026,N
t280420232027,N
t280420232029,N
t280420232030,N
t280420232032,N
t280420232033,N
t280420232034,N
t280420232035,N
t280420232036,N
t280420232037,N
t280420232038,N
t280420232039,N
t280420232040,N
t280420232041,N
t280420232042,N
t280420232043,N
t280420232044,N
t280420232045,N
t280420232046,N
t280420232047,N
t280420232048,N
t280420232049,N
t280420232051,N
t280420232052,N
t280420232053,N
t280420232054,N
t280420232055,N
t280420232056,N
t280420232057,N
t280420232058,N
t280420232059,N
t280420232060,N
t280420232061,N
t280420232062,N
t280420232064,N
t280420232065,N
t280420232066,N
t280420232067,N
t280420232068,N
t280420232070,N
t280420232071,N
t280420232072,N
t280420232073,N
t280420232074,N
t280420232075,N
t280420232076,N
t280420232077,N
t280420232078,N
t280420232079,N
t280420232081,N
t280420232082,N
t280420232084,N
t280420232085,N
t280420233000,N
t280420233001,N
t280420233002,N
t280420233003,N
t280420233005,N
t280420233006,N
t280420233008,N
t280420233009,N
t280420233010,N
t280420233011,N
t280420233012,N
t280420233014,N
t280420233015,N
t280420233016,N
t280420233017,N
t280420233018,N
t280420233019,N
t280420233020,N
t280420233021,N
t280420233022,N
t280420233024,N
t280420233025,N
t280420233026,N
t280420233027,N
t280420233028,N
t280420233029,N
t280420233030,N
t280420233031,N
t280420233032,N
t280420233033,N
t280420233034,N
t280420233035,N
t280420233037,N
t280420233038,N
t280420233039,N
t280420233040,N
t280420233041,N
t280420233042,N
t280420233044,N
t280420233046,N
t280420233047,N
t280420233048,N
t280420233049,N
t280420233051,N
t280420233052,N
t280420233054,N
t280420233055,N
t280420233056,N
t280420233057,N
t280420233060,N
t280420233061,N
t280420233062,N
t280420233063,N
t280420233065,N
t280420233067,N
t280420233068,N
t280420233070,N
t280420233071,N
t280420233072,N
t280420233073,N
t280420233075,N
t280420233076,N
t280420233077,N
t280420233078,N
t280420233079,N
t280420233080,N
t280420233081,N
t280420233082,N
t280420233083,N
t280420233084,N
t280420233085,N
t280420233086,N
t030520235038,NS
t030520235039,NS
t030520235070,NS
t0505202310038,NS
t050520239073,NS
t050520239074,NS
t050520239075,NS
t1005202313044,NS
t1005202313045,NS
t1005202314002,NS
t1005202314003,NS
t1005202314004,NS
t1005202314005,NS
t1005202314006,NS
t1005202314007,NS
t1005202314008,NS
t1005202314009,NS
t1005202314010,NS
t1005202314011,NS
t1005202314012,NS
t1005202314013,NS
t1005202314014,NS
t1005202314015,NS
t1005202314016,NS
t1005202314017,NS
t1005202314018,NS
t1005202314019,NS
t1005202314020,NS
t1005202314021,NS
t1005202314022,NS
t1005202314023,NS
t1005202314024,NS
t1005202314025,NS
t1005202314026,NS
t1005202314027,NS
t1005202314028,NS
t1005202314029,NS
t1005202314030,NS
t1005202314031,NS
t1005202314032,NS
t1005202314033,NS
t1005202314034,NS
t1005202314035,NS
t1005202314036,NS
t1005202314037,NS
t1005202314038,NS
t1005202314039,NS
t1005202314040,NS
t1005202314041,NS
t1005202314042,NS
t1005202314043,NS
t1005202314044,NS
t1005202314045,NS
t1005202314046,NS
t1005202314047,NS
t1005202314048,NS
t1005202314049,NS
t1005202314050,NS
t1005202314051,NS
t1005202314052,NS
t1005202314053,NS
t1005202314054,NS
t1005202314055,NS
t1005202314056,NS
t1005202314057,NS
t1005202314058,NS
t1005202314059,NS
t1005202314060,NS
t1005202314061,NS
t1005202314062,NS
t1005202314063,NS
t1005202314064,NS
t1005202314065,NS
t1005202314066,NS
t1005202314067,NS
t1005202314068,NS
t1005202314069,NS
t1005202314070,NS
t1005202314071,NS
t1005202315000,NS
t1005202315001,NS
t1005202315002,NS
t1005202315003,NS
t1005202315004,NS
t1005202315005,NS
t1005202315006,NS
t1005202315007,NS
t1005202315008,NS
t1005202315009,NS
t1005202315010,NS
t1005202315011,NS
t1005202315012,NS
t1005202315013,NS
t1005202315014,NS
t1005202315015,NS
t1005202315016,NS
t1005202315017,NS
t1005202315018,NS
t1005202315019,NS
t1005202315020,NS
t1005202315021,NS
t1005202315022,NS
t1005202315023,NS
t1005202315024,NS
t1005202315025,NS
t1005202315026,NS
t1005202315027,NS
t1005202315028,NS
t1005202315029,NS
t1005202315030,NS
t1005202315031,NS
t1005202315032,NS
t1005202315033,NS
t1005202315034,NS
t1005202315035,NS
t1005202315036,NS
t1005202315037,NS
t1005202315038,NS
t1005202315039,NS
t1005202315040,NS
t1005202315041,NS
t1005202315042,NS
t1005202315043,NS
t1005202315044,NS
t1005202315045,NS
t1005202315046,NS
t1005202315047,NS
t1005202315048,NS
t1005202315049,NS
t1005202315050,NS
t1005202315051,NS
t1005202315052,NS
t1005202315053,NS
t1005202315054,NS
t1005202315055,NS
t1005202315056,NS
t1005202315057,NS
t1005202315058,NS
t1005202315059,NS
t1005202315060,NS
t1005202315061,NS
t1005202315062,NS
t1005202315063,NS
t1005202315064,NS
t1005202315065,NS
t1005202315066,NS
t1005202315067,NS
t1005202315068,NS
t1005202315069,NS
t1005202315070,NS
t1005202315071,NS
t270420231016,NS
t270420231017,NS
t270420231018,NS
t270420231019,NS
t270420231020,NS
t270420231021,NS
t280420232020,NS
t280420232021,NS
t0505202310000,OT
t0505202310002,OT
t0505202310003,OT
t0505202310004,OT
t0505202310005,OT
t0505202310006,OT
t0505202310007,OT
t0505202310008,OT
t0505202310009,OT
t0505202310011,OT
t0505202310012,OT
t0505202310013,OT
t0505202310014,OT
t0505202310015,OT
t0505202310016,OT
t0505202310017,OT
t0505202310018,OT
t0505202310020,OT
t0505202310021,OT
t0505202310022,OT
t0505202310023,OT
t0505202310024,OT
t0505202310025,OT
t0505202310026,OT
t0505202310027,OT
t0505202310028,OT
t0505202310029,OT
t0505202310030,OT
t0505202310032,OT
t0505202310033,OT
t0505202310034,OT
t0505202310035,OT
t0505202310036,OT
t0505202310039,OT
t0505202310040,OT
t0505202310041,OT
t0505202310043,OT
t0505202310044,OT
t0505202310048,OT
t0505202310049,OT
t0505202310052,OT
t0505202310055,OT
t0505202310056,OT
t0505202310059,OT
t0505202310060,OT
t0505202310061,OT
t0505202310062,OT
t0505202310064,OT
t0505202310065,OT
t0505202310068,OT
t0505202310069,OT
t0505202310071,OT
t0505202310075,OT
t050520238000,OT
t050520238001,OT
t050520238002,OT
t050520238003,OT
t050520238004,OT
t050520238005,OT
t050520238006,OT
t050520238008,OT
t050520238009,OT
t050520238010,OT
t050520238011,OT
t050520238012,OT
t050520238013,OT
t050520238014,OT
t050520238015,OT
t050520238017,OT
t050520238018,OT
t050520238019,OT
t050520238020,OT
t050520238021,OT
t050520238022,OT
t050520238023,OT
t050520238024,OT
t050520238026,OT
t050520238028,OT
t050520238029,OT
t050520238031,OT
t050520238032,OT
t050520238033,OT
t050520238034,OT
t050520238035,OT
t050520238036,OT
t050520238037,OT
t050520238038,OT
t050520238039,OT
t050520238040,OT
t050520238041,OT
t050520238042,OT
t050520238044,OT
t050520238046,OT
t050520238047,OT
t050520238048,OT
t050520238049,OT
t050520238050,OT
t050520238054,OT
t050520238055,OT
t050520238056,OT
t050520238057,OT
t050520238058,OT
t050520238059,OT
t050520238060,OT
t050520238061,OT
t050520238063,OT
t050520238064,OT
t050520238065,OT
t050520238066,OT
t050520238067,OT
t050520238068,OT
t050520238069,OT
t050520238070,OT
t050520238072,OT
t050520238073,OT
t050520238074,OT
t050520238075,OT
t050520238076,OT
t050520238077,OT
t050520238082,OT
t050520238083,OT
t050520239000,OT
t050520239001,OT
t050520239002,OT
t050520239003,OT
t050520239004,OT
t050520239006,OT
t050520239007,OT
t050520239009,OT
t050520239010,OT
t050520239011,OT
t050520239012,OT
t050520239013,OT
t050520239014,OT
t050520239015,OT
t050520239016,OT
t050520239018,OT
t050520239019,OT
t050520239020,OT
t050520239021,OT
t050520239023,OT
t050520239024,OT
t050520239025,OT
t050520239026,OT
t050520239027,OT
t050520239028,OT
t050520239029,OT
t050520239030,OT
t050520239031,OT
t050520239032,OT
t050520239033,OT
t050520239034,OT
t050520239035,OT
t050520239036,OT
t050520239037,OT
t050520239038,OT
t050520239039,OT
t050520239040,OT
t050520239041,OT
t050520239042,OT
t050520239043,OT
t050520239044,OT
t050520239046,OT
t050520239047,OT
t050520239048,OT
t050520239049,OT
t050520239050,OT
t050520239051,OT
t050520239052,OT
t050520239055,OT
t050520239056,OT
t050520239057,OT
t050520239058,OT
t050520239060,OT
t050520239062,OT
t050520239063,OT
t050520239064,OT
t050520239065,OT
t050520239067,OT
t050520239068,OT
t050520239069,OT
t050520239070,OT
t050520239071,OT
t050520239072,OT
t050520239076,OT
t050520239078,OT
t050520239080,OT
t1005202311000,OT
t1005202311001,OT
t1005202311002,OT
t1005202311003,OT
t1005202311004,OT
t1005202311006,OT
t1005202311009,OT
t1005202311010,OT
t1005202311011,OT
t1005202311013,OT
t1005202311015,OT
t1005202311016,OT
t1005202311017,OT
t1005202311018,OT
t1005202311019,OT
t1005202311020,OT
t1005202311022,OT
t1005202311023,OT
t1005202311024,OT
t1005202311025,OT
t1005202311027,OT
t1005202311029,OT
t1005202311030,OT
t1005202311032,OT
t1005202311034,OT
t1005202311036,OT
t1005202311037,OT
t1005202311039,OT
t1005202311040,OT
t1005202311041,OT
t1005202311042,OT
t1005202311043,OT
t1005202311044,OT
t1005202311046,OT
t1005202311048,OT
t1005202311050,OT
t1005202311051,OT
t1005202311053,OT
t1005202311055,OT
t1005202311057,OT
t1005202311058,OT
t1005202311059,OT
t1005202311060,OT
t1005202311062,OT
t1005202311063,OT
t1005202311064,OT
t1005202311065,OT
t1005202311069,OT
t1005202311071,OT
t1005202311073,OT
t1005202311074,OT
t1005202311075,OT
t1005202311076,OT
t1005202311077,OT
t1005202311078,OT
t1005202311081,OT
t1005202311082,OT
t1005202311084,OT
t1005202311086,OT
t1005202317000,OT
t1005202317001,OT
t1005202317002,OT
t1005202317003,OT
t1005202317004,OT
t1005202317005,OT
t1005202317007,OT
t1005202317008,OT
t1005202317009,OT
t1005202317011,OT
t1005202317012,OT
t1005202317013,OT
t1005202317014,OT
t1005202317015,OT
t1005202317016,OT
t1005202317018,OT
t1005202317019,OT
t1005202317020,OT
t1005202317021,OT
t1005202317023,OT
t1005202317025,OT
t1005202317026,OT
t1005202317027,OT
t1005202317028,OT
t1005202317029,OT
t1005202317030,OT
t1005202317032,OT
t1005202317034,OT
t1005202317035,OT
t1005202317037,OT
t1005202317038,OT
t1005202317040,OT
t1005202317041,OT
t1005202317042,OT
t1005202317043,OT
t1005202317044,OT
t1005202317047,OT
t1005202317048,OT
t1005202317049,OT
t1005202317050,OT
t1005202317053,OT
t1005202317056,OT
t1005202317058,OT
t1005202317059,OT
t1005202317061,OT
t1005202317062,OT
t1005202317064,OT
t1005202317065,OT
t1005202317067,OT
t1005202317068,OT
t1005202317070,OT
t1005202317071,OT
t1005202317073,OT
t1005202317074,OT
t1005202317076,OT
t1005202317077,OT
t1005202317079,OT
t1005202317081,OT
t1005202317082,OT
t1005202317083,OT
t280420233050,OT
t280420233053,OT
t280420233059,OT
t280420233064,OT
t030520234012,P
t030520234016,P
t030520234022,P
t030520234024,P
t030520234025,P
t030520234026,P
t030520234027,P
t030520234031,P
t030520234033,P
t030520234035,P
t030520234038,P
t030520234041,P
t030520234042,P
t030520234054,P
t030520234058,P
t030520234062,P
t030520235003,P
t030520235008,P
t030520235009,P
t030520235012,P
t030520235020,P
t030520235021,P
t030520235024,P
t030520235025,P
t030520235030,P
t030520235032,P
t030520235043,P
t030520235044,P
t030520235046,P
t030520235049,P
t030520235050,P
t030520235055,P
t030520235067,P
t030520236001,P
t030520236005,P
t030520236007,P
t030520236010,P
t030520236013,P
t030520236018,P
t030520236021,P
t030520236028,P
t030520236033,P
t030520236039,P
t030520236040,P
t030520236042,P
t030520236043,P
t030520236046,P
t030520236048,P
t030520236050,P
t030520236052,P
t030520236067,P
t030520236069,P
t030520236073,P
t030520236074,P
t030520236078,P
t030520237008,P
t030520237017,P
t030520237019,P
t030520237036,P
t030520237066,P
t030520237078,P
t030520237083,P
t0505202310010,P
t0505202310019,P
t0505202310031,P
t0505202310037,P
t0505202310042,P
t0505202310046,P
t0505202310047,P
t0505202310070,P
t050520238007,P
t050520238016,P
t050520238025,P
t050520238027,P
t050520238030,P
t050520238051,P
t050520238053,P
t050520238062,P
t050520238071,P
t050520238078,P
t050520238079,P
t050520238081,P
t050520239005,P
t050520239022,P
t050520239054,P
t050520239059,P
t050520239061,P
t050520239079,P
t1005202311005,P
t1005202311007,P
t1005202311026,P
t1005202311033,P
t1005202311038,P
t1005202311047,P
t1005202311049,P
t1005202311052,P
t1005202311054,P
t1005202311056,P
t1005202311061,P
t1005202311066,P
t1005202311067,P
t1005202311068,P
t1005202311070,P
t1005202311072,P
t1005202311079,P
t1005202311083,P
t1005202311085,P
t1005202312002,P
t1005202312005,P
t1005202312013,P
t1005202312015,P
t1005202312018,P
t1005202312024,P
t1005202312031,P
t1005202312034,P
t1005202312046,P
t1005202312055,P
t1005202312067,P
t1005202312070,P
t1005202312072,P
t1005202312073,P
t1005202313014,P
t1005202313018,P
t1005202313019,P
t1005202313020,P
t1005202313021,P
t1005202313022,P
t1005202313029,P
t1005202313048,P
t1005202313062,P
t1005202313063,P
t1005202313065,P
t1005202313069,P
t1005202313076,P
t1005202313078,P
t1005202313085,P
t1005202316004,P
t1005202316072,P
t1005202316076,P
t1005202317022,P
t1005202317031,P
t280420232004,P
t280420232083,P
t280420232086,P
t280420233004,P
t280420233007,P
t280420233023,P
t280420233036,P
t280420233043,P
t280420233058,P
t280420233066,P
t280420233074,P
t030520234000,UT
t030520234001,UT
t030520234002,UT
t030520234003,UT
t030520234004,UT
t030520234005,UT
t030520234006,UT
t030520234007,UT
t030520234008,UT
t030520234009,UT
t030520234010,UT
t030520234011,UT
t030520234013,UT
t030520234014,UT
t030520234015,UT
t030520234017,UT
t030520234018,UT
t030520234019,UT
t030520234020,UT
t030520234021,UT
t030520234023,UT
t030520234028,UT
t030520234029,UT
t030520234030,UT
t030520234032,UT
t030520234034,UT
t030520234036,UT
t030520234037,UT
t030520234039,UT
t030520234040,UT
t030520234043,UT
t030520234044,UT
t030520234045,UT
t030520234046,UT
t030520234047,UT
t030520234048,UT
t030520234049,UT
t030520234050,UT
t030520234051,UT
t030520234052,UT
t030520234053,UT
t030520234055,UT
t030520234056,UT
t030520234057,UT
t030520234059,UT
t030520234060,UT
t030520234061,UT
t030520234063,UT
t030520234064,UT
t030520234065,UT
t030520234066,UT
t030520235000,UT
t030520235001,UT
t030520235002,UT
t030520235004,UT
t030520235005,UT
t030520235010,UT
t030520235011,UT
t030520235013,UT
t030520235014,UT
t030520235015,UT
t030520235016,UT
t030520235017,UT
t030520235018,UT
t030520235019,UT
t030520235022,UT
t030520235023,UT
t030520235026,UT
t030520235027,UT
t030520235028,UT
t030520235029,UT
t030520235031,UT
t030520235033,UT
t030520235034,UT
t030520235035,UT
t030520235036,UT
t030520235037,UT
t030520235040,UT
t030520235041,UT
t030520235042,UT
t030520235045,UT
t030520235047,UT
t030520235048,UT
t030520235051,UT
t030520235052,UT
t030520235053,UT
t030520235054,UT
t030520235056,UT
t030520235057,UT
t030520235058,UT
t030520235059,UT
t030520235060,UT
t030520235061,UT
t030520235062,UT
t030520235063,UT
t030520235064,UT
t030520235065,UT
t030520235066,UT
t030520235068,UT
t030520235069,UT
t030520235071,UT
t030520235072,UT
t030520235073,UT
t030520235074,UT
t030520235075,UT
t030520235077,UT
t030520235078,UT
t030520235079,UT
t030520235080,UT
t030520235081,UT
t030520235082,UT
t030520235083,UT
t030520235084,UT
t030520235085,UT
t030520235086,UT
t030520236004,UT
t030520236012,UT
t030520236019,UT
t030520236034,UT
t030520236044,UT
t030520236080,UT
t030520237003,UT
t030520237014,UT
t030520237047,UT
t030520237048,UT
t030520237056,UT
t030520237073,UT
t0505202310053,UT
t050520238043,UT
t050520238045,UT
t050520238052,UT
t050520238080,UT
t050520239008,UT
t050520239017,UT
t050520239045,UT
t050520239053,UT
t050520239066,UT
t050520239077,UT
t1005202311008,UT
t1005202311012,UT
t1005202311021,UT
t1005202311028,UT
t1005202311031,UT
t1005202311035,UT
t1005202311045,UT
t1005202311080,UT
t1005202312000,UT
t1005202312001,UT
t1005202312003,UT
t1005202312004,UT
t1005202312006,UT
t1005202312007,UT
t1005202312009,UT
t1005202312010,UT
t1005202312011,UT
t1005202312012,UT
t1005202312014,UT
t1005202312016,UT
t1005202312017,UT
t1005202312019,UT
t1005202312020,UT
t1005202312021,UT
t1005202312022,UT
t1005202312023,UT
t1005202312025,UT
t1005202312026,UT
t1005202312027,UT
t1005202312028,UT
t1005202312029,UT
t1005202312030,UT
t1005202312032,UT
t1005202312033,UT
t1005202312035,UT
t1005202312036,UT
t1005202312037,UT
t1005202312038,UT
t1005202312039,UT
t1005202312040,UT
t1005202312041,UT
t1005202312042,UT
t1005202312043,UT
t1005202312044,UT
t1005202312045,UT
t1005202312047,UT
t1005202312048,UT
t1005202312049,UT
t1005202312050,UT
t1005202312051,UT
t1005202312052,UT
t1005202312053,UT
t1005202312054,UT
t1005202312056,UT
t1005202312057,UT
t1005202312058,UT
t1005202312059,UT
t1005202312060,UT
t1005202312061,UT
t1005202312062,UT
t1005202312063,UT
t1005202312064,UT
t1005202312065,UT
t1005202312066,UT
t1005202312068,UT
t1005202312069,UT
t1005202312071,UT
t1005202312074,UT
t1005202312075,UT
t1005202313000,UT
t1005202313001,UT
t1005202313002,UT
t1005202313003,UT
t1005202313004,UT
t1005202313005,UT
t1005202313006,UT
t1005202313007,UT
t1005202313008,UT
t1005202313009,UT
t1005202313010,UT
t1005202313011,UT
t1005202313012,UT
t1005202313013,UT
t1005202313015,UT
t1005202313016,UT
t1005202313017,UT
t1005202313023,UT
t1005202313024,UT
t1005202313025,UT
t1005202313026,UT
t1005202313027,UT
t1005202313028,UT
t1005202313030,UT
t1005202313031,UT
t1005202313032,UT
t1005202313033,UT
t1005202313034,UT
t1005202313035,UT
t1005202313036,UT
t1005202313037,UT
t1005202313038,UT
t1005202313039,UT
t1005202313040,UT
t1005202313041,UT
t1005202313042,UT
t1005202313043,UT
t1005202313046,UT
t1005202313047,UT
t1005202313049,UT
t1005202313050,UT
t1005202313051,UT
t1005202313052,UT
t1005202313053,UT
t1005202313054,UT
t1005202313055,UT
t1005202313056,UT
t1005202313057,UT
t1005202313058,UT
t1005202313059,UT
t1005202313060,UT
t1005202313061,UT
t1005202313064,UT
t1005202313066,UT
t1005202313067,UT
t1005202313068,UT
t1005202313070,UT
t1005202313071,UT
t1005202313072,UT
t1005202313073,UT
t1005202313074,UT
t1005202313075,UT
t1005202313077,UT
t1005202313079,UT
t1005202313080,UT
t1005202313081,UT
t1005202313082,UT
t1005202313083,UT
t1005202313084,UT
t1005202313086,UT
t1005202316011,UT
t1005202316014,UT
t1005202316020,UT
t1005202316035,UT
t1005202316065,UT
t1005202316074,UT
t1005202316078,UT
t1005202317010,UT
t1005202317017,UT
t1005202317024,UT
t1005202317045,UT
t1005202317054,UT
t1005202317057,UT
t1005202317060,UT
t1005202317063,UT
t1005202317066,UT
t1005202317080,UT
t270420231012,UT
t270420231014,UT
t270420231035,UT
t280420232014,UT
t280420232024,UT
t280420232028,UT
t280420232031,UT
t280420232050,UT
t280420232063,UT
t280420232069,UT
t280420232080,UT
t280420233013,UT
t280420233045,UT
t280420233069,UT
