Time (ms),TCP_x (mm),TCP_y (mm),TCP_z (mm),TCP_rx (rad),TCP_ry (rad),TCP_rz (rad),Robot_I (A)
1.944,0.0,0.0,0.0,1.228,1.171,-1.208,1.125
3.939,0.0,0.0,0.0,1.228,1.171,-1.208,1.161
5.936,0.0,0.0,0.0,1.228,1.171,-1.208,1.161
7.927999999999999,0.0,0.0,0.0,1.228,1.171,-1.208,1.161
9.922,0.0,0.0,0.0,1.228,1.171,-1.208,1.161
11.917,0.0,0.0,0.0,1.228,1.171,-1.208,1.161
13.912,0.0,0.0,0.0,1.228,1.171,-1.208,1.161
15.906,0.0,0.0,0.0,1.228,1.171,-1.208,1.161
17.901,0.0,0.0,0.0,1.228,1.171,-1.208,1.161
19.896,0.0,0.0,0.0,1.228,1.171,-1.208,1.161
23.885,0.0,0.0,0.0,1.228,1.171,-1.208,1.161
25.881,0.0,0.0,0.0,1.228,1.171,-1.208,1.231
29.911,0.0,0.0,0.0,1.228,1.171,-1.208,1.231
31.907,0.0,0.0,0.0,1.228,1.171,-1.208,1.231
35.89,0.0,0.0,0.0,1.228,1.171,-1.208,1.125
40.129,0.0,0.0,0.0,1.228,1.171,-1.208,1.125
42.152,0.0,0.0,0.0,1.228,1.171,-1.208,1.125
44.122,0.0,0.0,0.0,1.228,1.171,-1.208,1.196
46.116,0.0,0.0,0.0,1.228,1.171,-1.208,1.196
48.111,0.0,0.0,0.0,1.228,1.171,-1.208,1.196
52.305,0.0,0.0,0.0,1.228,1.171,-1.208,1.196
55.301,0.0,0.0,0.0,1.228,1.171,-1.208,1.196
57.358,0.0,0.0,0.0,1.228,1.171,-1.208,1.196
60.642,0.0,0.0,0.0,1.228,1.171,-1.208,1.196
62.71300000000001,0.0,0.0,0.0,1.228,1.171,-1.208,1.09
64.929,0.0,0.0,0.0,1.228,1.171,-1.208,1.09
66.927,0.0,0.0,0.0,1.228,1.171,-1.208,1.09
69.18100000000001,0.0,0.0,0.0,1.228,1.171,-1.208,1.09
71.181,0.0,0.0,0.0,1.228,1.171,-1.208,1.196
73.173,0.0,0.0,0.0,1.228,1.171,-1.208,1.196
75.169,0.0,0.0,0.0,1.228,1.171,-1.208,1.196
77.183,0.0,0.0,0.0,1.228,1.171,-1.208,1.196
79.462,0.0,0.0,0.0,1.228,1.171,-1.208,1.091
81.521,0.0,0.0,0.0,1.228,1.171,-1.208,1.091
83.455,0.0,0.0,0.0,1.228,1.171,-1.208,1.091
85.678,0.0,0.0,0.0,1.228,1.171,-1.208,1.091
87.677,0.0,0.0,0.0,1.228,1.171,-1.208,1.091
91.666,0.0,0.0,0.0,1.228,1.171,-1.208,1.09
93.66,0.0,0.0,0.0,1.228,1.171,-1.208,1.09
95.682,0.0,0.0,0.0,1.228,1.171,-1.208,1.09
97.846,0.0,0.0,0.0,1.228,1.171,-1.208,1.055
99.893,0.0,0.0,0.0,1.228,1.171,-1.208,1.055
101.876,0.0,0.0,0.0,1.228,1.171,-1.208,1.055
103.832,0.0,0.0,0.0,1.228,1.171,-1.208,1.055
105.827,0.0,0.0,0.0,1.228,1.171,-1.208,1.266
107.822,0.0,0.0,0.0,1.228,1.171,-1.208,1.266
109.817,0.0,0.0,0.0,1.228,1.171,-1.208,1.266
113.83,0.0,0.0,0.0,1.228,1.171,-1.208,1.266
116.19,0.0,0.0,0.0,1.228,1.171,-1.208,1.09
118.187,0.0,0.0,0.0,1.228,1.171,-1.208,1.09
120.523,0.0,0.0,0.0,1.228,1.171,-1.208,1.09
122.544,0.0,0.0,0.0,1.228,1.171,-1.208,1.231
126.582,0.0,0.0,0.0,1.228,1.171,-1.208,1.231
128.581,0.0,0.0,0.0,1.228,1.171,-1.208,1.231
130.57399999999998,0.0,0.0,0.0,1.228,1.171,-1.208,1.231
132.589,0.0,0.0,0.0,1.228,1.171,-1.208,1.196
134.753,0.0,0.0,0.0,1.228,1.171,-1.208,1.196
136.751,0.0,0.0,0.0,1.228,1.171,-1.208,1.196
138.761,0.0,0.0,0.0,1.228,1.171,-1.208,1.196
142.739,0.0,0.0,0.0999999999999943,1.228,1.171,-1.208,1.372
144.72899999999998,0.0,0.0,0.0999999999999943,1.228,1.171,-1.208,1.372
146.724,0.0,0.0,0.0999999999999943,1.228,1.171,-1.208,1.372
148.752,0.0,0.0,0.0999999999999943,1.228,1.171,-1.208,1.372
150.74599999999998,0.0,0.0,0.0999999999999943,1.228,1.171,-1.208,1.231
152.741,0.0,0.0,0.0999999999999943,1.228,1.171,-1.208,1.231
154.704,0.0,0.0,0.0999999999999943,1.228,1.171,-1.208,1.231
158.71699999999998,0.0,0.0,0.0999999999999943,1.228,1.171,-1.208,1.231
160.712,0.0,0.0,0.0999999999999943,1.228,1.171,-1.208,1.125
162.706,0.0,0.0,0.0999999999999943,1.228,1.171,-1.208,1.125
166.69500000000002,0.0,0.0,0.0999999999999943,1.228,1.171,-1.208,1.125
168.69,0.0,0.0,0.0999999999999943,1.228,1.171,-1.208,1.196
170.686,0.0,0.0,0.0999999999999943,1.228,1.171,-1.208,1.196
173.69,0.0,0.0,0.0999999999999943,1.228,1.171,-1.208,1.196
183.684,0.0,0.0,0.0999999999999943,1.228,1.171,-1.208,1.196
201.137,0.0,0.0,0.0999999999999943,1.228,1.171,-1.208,1.16
203.11,0.0,0.0,0.0999999999999943,1.228,1.171,-1.208,1.126
207.1,0.0,0.0,0.0999999999999943,1.228,1.171,-1.208,1.126
209.096,0.0,0.0,0.0,1.228,1.171,-1.208,1.09
211.283,0.0,0.0,0.0,1.228,1.171,-1.208,1.09
213.083,0.0,0.0,0.0,1.228,1.171,-1.208,1.09
215.078,0.0,0.0,0.0,1.228,1.171,-1.208,1.091
217.073,0.0,0.0,0.0,1.228,1.171,-1.208,1.091
219.067,0.0,0.0,0.0,1.228,1.171,-1.208,1.091
221.061,0.0,0.0,0.0,1.228,1.171,-1.208,1.091
223.07,0.0,0.0,0.0,1.228,1.171,-1.208,1.091
225.053,0.0,0.0,0.0,1.228,1.171,-1.208,1.196
227.047,0.0,0.0,0.0,1.228,1.171,-1.208,1.196
231.067,0.0,0.0,0.0,1.228,1.171,-1.208,1.196
233.061,0.0,0.0,0.0,1.228,1.171,-1.208,1.161
235.023,0.0,0.0,0.0,1.228,1.171,-1.208,1.161
237.018,0.0,0.0,0.0,1.228,1.171,-1.208,1.161
239.015,0.0,0.0,0.0,1.228,1.171,-1.208,1.161
242.01,0.0,0.0,0.0,1.228,1.171,-1.208,1.161
244.001,0.0,0.0,0.0,1.228,1.171,-1.208,1.125
245.993,0.0,0.0,0.0,1.228,1.171,-1.208,1.125
247.988,0.0,0.0,0.0,1.228,1.171,-1.208,1.125
250.016,0.0,0.0,0.0,1.228,1.171,-1.208,1.125
252.01,0.0,0.0,0.0,1.228,1.171,-1.208,1.266
253.973,0.0,0.0,0.0,1.228,1.171,-1.208,1.266
255.971,0.0,0.0,0.0,1.228,1.171,-1.208,1.266
258.994,0.0,0.0,0.0,1.228,1.171,-1.208,1.266
261.012,0.0,0.0,0.0,1.228,1.171,-1.208,1.231
262.949,0.0,0.0,0.0,1.228,1.171,-1.208,1.231
264.943,0.0,0.0,0.0,1.228,1.171,-1.208,1.231
266.938,0.0,0.0,0.0,1.228,1.171,-1.208,1.231
268.599,0.0,0.0,0.0,1.228,1.171,-1.208,1.231
270.199,0.0,0.0,0.0,1.228,1.171,-1.208,1.161
271.756,0.0,0.0,0.0,1.228,1.171,-1.208,1.161
274.433,0.0,0.0,0.0,1.228,1.171,-1.208,1.161
277.457,0.0,0.0,0.0,1.228,1.171,-1.208,1.161
279.419,0.0,0.0,0.0,1.228,1.171,-1.208,1.266
281.414,0.0,0.0,0.0,1.228,1.171,-1.208,1.266
283.434,0.0,0.0,0.0,1.228,1.171,-1.208,1.266
285.939,0.0,0.0,0.0,1.228,1.171,-1.208,1.266
287.935,0.0,0.0,0.0,1.228,1.171,-1.208,1.196
289.93,0.0,0.0,0.0,1.228,1.171,-1.208,1.196
291.928,0.0,0.0,0.0,1.228,1.171,-1.208,1.196
293.919,0.0,0.0,0.0,1.228,1.171,-1.208,1.196
297.908,0.0,0.0,0.0,1.228,1.171,-1.208,1.196
299.903,0.0,0.0,0.0,1.228,1.171,-1.208,1.196
301.935,0.0,0.0,0.0,1.228,1.171,-1.208,1.196
303.89300000000003,0.0,0.0,0.0,1.228,1.171,-1.208,1.196
306.89300000000003,0.0,0.0,0.0,1.228,1.171,-1.208,1.196
308.88,0.0,0.0,0.0,1.228,1.171,-1.208,1.09
310.874,0.0,0.0,0.0,1.228,1.171,-1.208,1.09
312.90000000000003,0.0,0.0,0.0,1.228,1.171,-1.208,1.09
318.851,0.0,0.0,0.0,1.228,1.171,-1.208,1.09
322.845,0.0,0.0,0.0,1.228,1.171,-1.208,1.09
325.841,0.0,0.0,0.0,1.228,1.171,-1.208,1.196
329.045,0.0,0.0,0.0,1.228,1.171,-1.208,1.196
331.04299999999995,0.0,0.0,0.0,1.228,1.171,-1.208,1.196
333.11600000000004,0.0,0.0,0.0,1.228,1.171,-1.208,1.161
335.119,0.0,0.0,0.0,1.228,1.171,-1.208,1.161
337.108,0.0,0.0,0.0,1.228,1.171,-1.208,1.161
342.099,0.0,0.0,0.0,1.228,1.171,-1.208,1.161
344.145,0.0,0.0,0.0,1.228,1.171,-1.208,1.09
346.087,0.0,0.0,0.0,1.228,1.171,-1.208,1.09
348.079,0.0,0.0,0.0,1.228,1.171,-1.208,1.09
350.082,0.0,0.0,0.0,1.228,1.171,-1.208,1.09
352.07300000000004,0.0,0.0,0.0,1.228,1.171,-1.208,1.09
354.063,0.0,0.0,0.0,1.228,1.171,-1.208,1.09
356.062,0.0,0.0,0.0,1.228,1.171,-1.208,1.09
360.191,0.0,0.0,0.0,1.228,1.171,-1.208,1.09
362.189,0.0,0.0,0.0,1.228,1.171,-1.208,1.266
366.21,0.0,0.0,0.0,1.228,1.171,-1.208,1.266
368.174,0.0,0.0,0.0,1.228,1.171,-1.208,1.266
370.17,0.0,0.0,0.0,1.228,1.171,-1.208,1.16
373.162,0.0,0.0,0.0,1.228,1.171,-1.208,1.16
375.158,0.0,0.0,0.0,1.228,1.171,-1.208,1.16
377.152,0.0,0.0,0.0,1.228,1.171,-1.208,1.16
379.146,0.0,0.0,0.0,1.228,1.171,-1.208,1.09
381.141,0.0,0.0,0.0,1.228,1.171,-1.208,1.09
383.513,0.0,0.0,0.0,1.228,1.171,-1.208,1.09
385.097,0.0,0.0,0.0,1.228,1.171,-1.208,1.09
387.096,0.0,0.0,0.0,1.228,1.171,-1.208,1.09
389.094,0.0,0.0,0.0,1.228,1.171,-1.208,1.161
391.367,0.0,0.0,0.0,1.228,1.171,-1.208,1.161
393.364,0.0,0.0,0.0,1.228,1.171,-1.208,1.161
395.363,0.0,0.0,0.0,1.228,1.171,-1.208,1.161
397.552,0.0,0.0,0.0,1.228,1.171,-1.208,1.125
399.573,0.0,0.0,0.0,1.228,1.171,-1.208,1.125
401.544,0.0,0.0,0.0,1.228,1.171,-1.208,1.125
403.543,0.0,0.0,0.0,1.228,1.171,-1.208,1.125
405.534,0.0,0.0,0.0,1.228,1.171,-1.208,1.125
408.758,0.0,0.0,0.0,1.228,1.171,-1.208,1.16
410.756,0.0,0.0,0.0,1.228,1.171,-1.208,1.16
412.955,0.0,0.0,0.0,1.228,1.171,-1.208,1.16
414.981,0.0,0.0,0.0,1.228,1.171,-1.208,1.16
417.186,0.0,0.0,0.0,1.228,1.171,-1.208,1.126
419.188,0.0,0.0,0.0,1.228,1.171,-1.208,1.126
421.18,0.0,0.0,0.0,1.228,1.171,-1.208,1.126
423.194,0.0,0.0,0.0,1.228,1.171,-1.208,1.126
425.195,0.0,0.0,0.0,1.228,1.171,-1.208,0.95
427.196,0.0,0.0,0.0,1.228,1.171,-1.208,0.95
429.409,0.0,0.0,0.0,1.228,1.171,-1.208,0.95
431.407,0.0,0.0,0.0,1.228,1.171,-1.208,0.95
433.544,0.0,0.0,0.0,1.228,1.171,-1.208,0.95
436.559,0.0,0.0,0.0,1.228,1.172,-1.207,0.667
438.534,0.0,0.0,0.0,1.228,1.172,-1.207,0.667
440.529,0.0,0.0,0.0,1.228,1.172,-1.207,0.667
442.524,0.0,0.0,0.0,1.228,1.172,-1.207,0.667
444.611,0.0,0.2000000000000454,-0.2999999999999829,1.228,1.172,-1.207,0.809
446.974,0.0,0.2000000000000454,-0.2999999999999829,1.228,1.172,-1.207,0.809
448.992,0.0,0.2000000000000454,-0.2999999999999829,1.228,1.172,-1.207,0.809
450.992,0.0,0.2000000000000454,-0.2999999999999829,1.228,1.172,-1.207,0.809
453.0100000000001,0.0,0.6000000000000227,-1.0,1.23,1.173,-1.207,0.985
454.984,0.0,0.6000000000000227,-1.0,1.23,1.173,-1.207,0.985
457.977,0.0,0.6000000000000227,-1.0,1.23,1.173,-1.207,0.985
460.251,0.0,0.6000000000000227,-1.0,1.23,1.173,-1.207,0.985
464.561,0.0999999999999943,0.8000000000000682,-1.5,1.229,1.173,-1.207,1.196
466.585,0.0999999999999943,0.8000000000000682,-1.5,1.229,1.173,-1.207,1.196
469.6060000000001,0.0999999999999943,0.8000000000000682,-1.5,1.229,1.173,-1.207,1.196
471.609,0.0,0.5,-1.5999999999999943,1.229,1.172,-1.207,1.09
474.62,0.0,0.5,-1.5999999999999943,1.229,1.172,-1.207,1.09
476.653,0.0,0.5,-1.5999999999999943,1.229,1.172,-1.207,1.09
478.588,0.0,0.5,-1.5999999999999943,1.229,1.172,-1.207,1.09
480.587,0.0,0.6000000000000227,-1.9000000000000057,1.229,1.172,-1.207,1.02
482.719,0.0,0.6000000000000227,-1.9000000000000057,1.229,1.172,-1.207,1.02
485.27,0.0,0.6000000000000227,-1.9000000000000057,1.229,1.172,-1.207,1.02
487.295,0.0,0.6000000000000227,-1.9000000000000057,1.229,1.172,-1.207,1.02
489.294,0.0999999999999943,0.900000000000091,-2.5999999999999943,1.23,1.173,-1.207,1.055
491.297,0.0999999999999943,0.900000000000091,-2.5999999999999943,1.23,1.173,-1.207,1.055
493.296,0.0999999999999943,0.900000000000091,-2.5999999999999943,1.23,1.173,-1.207,1.055
495.494,0.0999999999999943,0.900000000000091,-2.5999999999999943,1.23,1.173,-1.207,1.055
497.906,0.0999999999999943,0.900000000000091,-2.5999999999999943,1.23,1.173,-1.207,1.055
499.908,0.0999999999999943,1.5,-3.299999999999983,1.231,1.175,-1.205,1.301
501.904,0.0999999999999943,1.5,-3.299999999999983,1.231,1.175,-1.205,1.301
503.893,0.0999999999999943,1.5,-3.299999999999983,1.231,1.175,-1.205,1.301
505.88999999999993,0.0999999999999943,1.5,-3.299999999999983,1.231,1.175,-1.205,1.301
507.883,0.0999999999999943,1.5,-3.299999999999983,1.231,1.175,-1.205,1.301
509.876,0.0999999999999943,1.7000000000000457,-3.6999999999999886,1.232,1.175,-1.205,1.442
511.899,0.0999999999999943,1.7000000000000457,-3.6999999999999886,1.232,1.175,-1.205,1.442
513.897,0.0999999999999943,1.7000000000000457,-3.6999999999999886,1.232,1.175,-1.205,1.442
515.9110000000001,0.0999999999999943,1.7000000000000457,-3.6999999999999886,1.232,1.175,-1.205,1.442
517.913,0.0999999999999943,1.7000000000000457,-3.6999999999999886,1.232,1.175,-1.205,1.442
519.898,0.0999999999999943,1.5,-3.799999999999983,1.232,1.175,-1.205,1.443
521.876,0.0999999999999943,1.5,-3.799999999999983,1.232,1.175,-1.205,1.443
524.889,0.0999999999999943,1.5,-3.799999999999983,1.232,1.175,-1.205,1.443
526.867,0.0999999999999943,1.5,-3.799999999999983,1.232,1.175,-1.205,1.443
529.015,0.200000000000017,1.5,-3.9000000000000057,1.232,1.175,-1.205,1.337
531.027,0.200000000000017,1.5,-3.9000000000000057,1.232,1.175,-1.205,1.337
533.237,0.200000000000017,1.5,-3.9000000000000057,1.232,1.175,-1.205,1.337
535.26,0.200000000000017,1.5,-3.9000000000000057,1.232,1.175,-1.205,1.337
537.244,0.200000000000017,1.5,-3.9000000000000057,1.232,1.175,-1.205,1.337
539.2249999999999,0.200000000000017,1.5,-4.0,1.232,1.175,-1.205,1.373
541.219,0.200000000000017,1.5,-4.0,1.232,1.175,-1.205,1.373
543.246,0.200000000000017,1.5,-4.0,1.232,1.175,-1.205,1.373
546.285,0.200000000000017,1.5,-4.0,1.232,1.175,-1.205,1.373
548.26,0.200000000000017,1.5,-4.099999999999994,1.232,1.175,-1.205,1.407
550.256,0.200000000000017,1.5,-4.099999999999994,1.232,1.175,-1.205,1.407
552.255,0.200000000000017,1.5,-4.099999999999994,1.232,1.175,-1.205,1.407
554.22,0.200000000000017,1.5,-4.099999999999994,1.232,1.175,-1.205,1.407
557.234,0.200000000000017,1.5,-4.099999999999994,1.232,1.175,-1.205,1.407
559.234,0.3000000000000113,1.400000000000091,-4.099999999999994,1.232,1.175,-1.205,1.654
561.2009999999999,0.3000000000000113,1.400000000000091,-4.099999999999994,1.232,1.175,-1.205,1.654
563.356,0.3000000000000113,1.400000000000091,-4.099999999999994,1.232,1.175,-1.205,1.654
565.403,0.3000000000000113,1.400000000000091,-4.099999999999994,1.232,1.175,-1.205,1.654
567.35,0.3000000000000113,1.1000000000000227,-4.0,1.232,1.175,-1.205,1.477
569.364,0.3000000000000113,1.1000000000000227,-4.0,1.232,1.175,-1.205,1.477
573.337,0.3000000000000113,1.1000000000000227,-4.0,1.232,1.175,-1.205,1.477
575.356,0.3000000000000113,0.900000000000091,-3.799999999999983,1.232,1.175,-1.205,1.442
577.35,0.3000000000000113,0.900000000000091,-3.799999999999983,1.232,1.175,-1.205,1.442
579.3199999999999,0.3000000000000113,0.900000000000091,-3.799999999999983,1.232,1.175,-1.205,1.442
581.3190000000001,0.3000000000000113,0.900000000000091,-3.799999999999983,1.232,1.175,-1.205,1.442
583.314,0.3000000000000113,0.900000000000091,-3.799999999999983,1.232,1.175,-1.205,1.442
585.427,0.3000000000000113,0.7000000000000455,-3.5,1.231,1.174,-1.205,1.584
587.425,0.3000000000000113,0.7000000000000455,-3.5,1.231,1.174,-1.205,1.584
589.424,0.3000000000000113,0.7000000000000455,-3.5,1.231,1.174,-1.205,1.584
593.409,0.3000000000000113,0.7000000000000455,-3.5,1.231,1.174,-1.205,1.584
595.6080000000001,0.3000000000000113,0.5,-3.1999999999999886,1.231,1.174,-1.206,1.478
597.656,0.3000000000000113,0.5,-3.1999999999999886,1.231,1.174,-1.206,1.478
599.6899999999999,0.3000000000000113,0.5,-3.1999999999999886,1.231,1.174,-1.206,1.478
601.7139999999999,0.3000000000000113,0.5,-3.1999999999999886,1.231,1.174,-1.206,1.478
603.682,0.3000000000000113,0.2000000000000454,-2.799999999999983,1.231,1.174,-1.206,1.372
605.678,0.3000000000000113,0.2000000000000454,-2.799999999999983,1.231,1.174,-1.206,1.372
607.672,0.3000000000000113,0.2000000000000454,-2.799999999999983,1.231,1.174,-1.206,1.372
609.687,0.3000000000000113,0.2000000000000454,-2.799999999999983,1.231,1.174,-1.206,1.372
611.93,0.3000000000000113,0.1000000000000227,-2.4000000000000057,1.23,1.173,-1.206,1.442
613.953,0.3000000000000113,0.1000000000000227,-2.4000000000000057,1.23,1.173,-1.206,1.442
615.949,0.3000000000000113,0.1000000000000227,-2.4000000000000057,1.23,1.173,-1.206,1.442
619.972,0.3000000000000113,0.1000000000000227,-2.4000000000000057,1.23,1.173,-1.206,1.442
621.937,0.3000000000000113,-0.099999999999909,-2.1999999999999886,1.23,1.173,-1.206,1.371
624.9639999999999,0.3000000000000113,-0.099999999999909,-2.1999999999999886,1.23,1.173,-1.206,1.371
626.9630000000001,0.3000000000000113,-0.099999999999909,-2.1999999999999886,1.23,1.173,-1.206,1.371
629.159,0.3000000000000113,-0.1999999999999318,-2.0999999999999943,1.23,1.173,-1.206,1.196
631.1940000000001,0.3000000000000113,-0.1999999999999318,-2.0999999999999943,1.23,1.173,-1.206,1.196
633.182,0.3000000000000113,-0.1999999999999318,-2.0999999999999943,1.23,1.173,-1.206,1.196
635.5269999999999,0.3000000000000113,-0.1999999999999318,-2.0999999999999943,1.23,1.173,-1.206,1.196
637.525,0.3000000000000113,-0.2999999999999545,-2.0,1.23,1.173,-1.206,1.196
639.534,0.3000000000000113,-0.2999999999999545,-2.0,1.23,1.173,-1.206,1.196
641.515,0.3000000000000113,-0.2999999999999545,-2.0,1.23,1.173,-1.206,1.196
643.8340000000001,0.3000000000000113,-0.2999999999999545,-2.0,1.23,1.173,-1.206,1.196
645.8340000000001,0.3000000000000113,-0.5,-1.6999999999999886,1.23,1.173,-1.206,1.231
647.871,0.3000000000000113,-0.5,-1.6999999999999886,1.23,1.173,-1.206,1.231
649.879,0.3000000000000113,-0.5,-1.6999999999999886,1.23,1.173,-1.206,1.231
652.0160000000001,0.3000000000000113,-0.5,-1.6999999999999886,1.23,1.173,-1.206,1.231
654.014,0.3000000000000113,-0.599999999999909,-1.4000000000000057,1.23,1.173,-1.206,1.196
658.037,0.3000000000000113,-0.599999999999909,-1.4000000000000057,1.23,1.173,-1.206,1.196
660.063,0.3000000000000113,-0.599999999999909,-1.4000000000000057,1.23,1.173,-1.206,1.196
662.316,0.3000000000000113,-0.599999999999909,-1.4000000000000057,1.23,1.173,-1.206,1.196
666.34,0.3000000000000113,-0.599999999999909,-1.4000000000000057,1.23,1.173,-1.206,1.16
668.338,0.3000000000000113,-0.599999999999909,-1.4000000000000057,1.23,1.173,-1.206,1.16
670.298,0.3000000000000113,-0.599999999999909,-1.4000000000000057,1.23,1.173,-1.206,1.16
672.3249999999999,0.3000000000000113,-0.599999999999909,-1.5,1.23,1.173,-1.206,1.16
674.2909999999999,0.3000000000000113,-0.599999999999909,-1.5,1.23,1.173,-1.206,1.16
676.418,0.3000000000000113,-0.599999999999909,-1.5,1.23,1.173,-1.206,1.16
678.417,0.3000000000000113,-0.599999999999909,-1.5,1.23,1.173,-1.206,1.16
680.43,0.3000000000000113,-0.599999999999909,-1.5,1.23,1.173,-1.206,1.16
682.437,0.3000000000000113,-0.599999999999909,-1.5,1.23,1.173,-1.206,1.126
684.427,0.3000000000000113,-0.599999999999909,-1.5,1.23,1.173,-1.206,1.126
686.4350000000001,0.3000000000000113,-0.599999999999909,-1.5,1.23,1.173,-1.206,1.126
688.431,0.3000000000000113,-0.599999999999909,-1.5,1.23,1.173,-1.206,1.126
692.419,0.3000000000000113,-0.5,-1.5,1.23,1.173,-1.206,1.161
694.414,0.3000000000000113,-0.5,-1.5,1.23,1.173,-1.206,1.161
696.4129999999999,0.3000000000000113,-0.5,-1.5,1.23,1.173,-1.206,1.161
698.403,0.3000000000000113,-0.5,-1.5,1.23,1.173,-1.206,1.161
700.3979999999999,0.3000000000000113,-0.5,-1.5,1.23,1.173,-1.206,1.266
702.588,0.3000000000000113,-0.5,-1.5,1.23,1.173,-1.206,1.266
704.587,0.3000000000000113,-0.5,-1.5,1.23,1.173,-1.206,1.266
706.6170000000001,0.3000000000000113,-0.5,-1.5,1.23,1.173,-1.206,1.266
708.581,0.3000000000000113,-0.3999999999999772,-1.5999999999999943,1.23,1.173,-1.206,1.125
710.5780000000001,0.3000000000000113,-0.3999999999999772,-1.5999999999999943,1.23,1.173,-1.206,1.125
712.573,0.3000000000000113,-0.3999999999999772,-1.5999999999999943,1.23,1.173,-1.206,1.125
714.568,0.3000000000000113,-0.3999999999999772,-1.5999999999999943,1.23,1.173,-1.206,1.125
716.88,0.3000000000000113,-0.2999999999999545,-1.5999999999999943,1.23,1.173,-1.206,1.09
718.94,0.3000000000000113,-0.2999999999999545,-1.5999999999999943,1.23,1.173,-1.206,1.09
720.872,0.3000000000000113,-0.2999999999999545,-1.5999999999999943,1.23,1.173,-1.206,1.09
722.905,0.3000000000000113,-0.2999999999999545,-1.5999999999999943,1.23,1.173,-1.206,1.09
724.9219999999999,0.3000000000000113,-0.1999999999999318,-1.6999999999999886,1.23,1.173,-1.206,1.231
726.985,0.3000000000000113,-0.1999999999999318,-1.6999999999999886,1.23,1.173,-1.206,1.231
729.0450000000001,0.3000000000000113,-0.1999999999999318,-1.6999999999999886,1.23,1.173,-1.206,1.231
730.977,0.3000000000000113,-0.1999999999999318,-1.6999999999999886,1.23,1.173,-1.206,1.231
733.063,0.3000000000000113,-0.1999999999999318,-1.6999999999999886,1.23,1.173,-1.206,1.231
737.9599999999999,0.3000000000000113,-0.1999999999999318,-1.6999999999999886,1.23,1.173,-1.206,1.231
741.949,0.3000000000000113,-0.1999999999999318,-1.6999999999999886,1.23,1.173,-1.206,1.231
745.937,0.3000000000000113,-0.1999999999999318,-1.6999999999999886,1.23,1.173,-1.206,1.231
747.931,0.3000000000000113,-0.099999999999909,-1.6999999999999886,1.23,1.173,-1.206,1.196
749.9259999999999,0.3000000000000113,-0.099999999999909,-1.6999999999999886,1.23,1.173,-1.206,1.196
751.9639999999999,0.3000000000000113,-0.099999999999909,-1.6999999999999886,1.23,1.173,-1.206,1.196
753.915,0.3000000000000113,-0.099999999999909,-1.6999999999999886,1.231,1.174,-1.206,1.196
755.9129999999999,0.3000000000000113,-0.099999999999909,-1.6999999999999886,1.231,1.174,-1.206,1.196
757.907,0.3000000000000113,-0.099999999999909,-1.6999999999999886,1.231,1.174,-1.206,1.196
759.9,0.3000000000000113,-0.099999999999909,-1.6999999999999886,1.231,1.174,-1.206,1.196
761.894,0.3000000000000113,-0.099999999999909,-1.6999999999999886,1.231,1.174,-1.206,1.196
764.1419999999999,0.3000000000000113,0.0,-1.6999999999999886,1.231,1.174,-1.206,1.196
766.16,0.3000000000000113,0.0,-1.6999999999999886,1.231,1.174,-1.206,1.196
768.269,0.3000000000000113,0.0,-1.6999999999999886,1.231,1.174,-1.206,1.196
770.2679999999999,0.3000000000000113,0.0,-1.6999999999999886,1.231,1.174,-1.206,1.196
772.274,0.3000000000000113,0.0,-1.6999999999999886,1.231,1.174,-1.206,1.231
774.26,0.3000000000000113,0.0,-1.6999999999999886,1.231,1.174,-1.206,1.231
776.254,0.3000000000000113,0.0,-1.6999999999999886,1.231,1.174,-1.206,1.231
778.524,0.3000000000000113,0.0,-1.6999999999999886,1.231,1.174,-1.206,1.231
780.5210000000001,0.3000000000000113,0.0,-1.6999999999999886,1.231,1.174,-1.206,1.231
782.709,0.3000000000000113,0.0,-1.6999999999999886,1.231,1.174,-1.206,1.231
784.706,0.3000000000000113,0.0,-1.6999999999999886,1.231,1.174,-1.206,1.231
788.7950000000001,0.3000000000000113,0.0,-1.6999999999999886,1.231,1.174,-1.206,1.231
792.7800000000001,0.3000000000000113,-0.099999999999909,-1.6999999999999886,1.231,1.174,-1.206,1.337
794.774,0.3000000000000113,-0.099999999999909,-1.6999999999999886,1.231,1.174,-1.206,1.337
796.803,0.3000000000000113,-0.099999999999909,-1.6999999999999886,1.231,1.174,-1.206,1.337
798.98,0.3000000000000113,-0.099999999999909,-1.6999999999999886,1.231,1.174,-1.206,1.23
800.982,0.3000000000000113,-0.099999999999909,-1.6999999999999886,1.231,1.174,-1.206,1.23
802.972,0.3000000000000113,-0.099999999999909,-1.6999999999999886,1.231,1.174,-1.206,1.23
804.968,0.3000000000000113,-0.099999999999909,-1.6999999999999886,1.231,1.174,-1.206,1.23
807.959,0.3000000000000113,0.0,-1.6999999999999886,1.231,1.174,-1.206,1.266
810.181,0.3000000000000113,0.0,-1.6999999999999886,1.231,1.174,-1.206,1.266
812.198,0.3000000000000113,0.0,-1.6999999999999886,1.231,1.174,-1.206,1.266
814.173,0.3000000000000113,0.0,-1.6999999999999886,1.231,1.174,-1.206,1.266
816.315,0.3000000000000113,-0.099999999999909,-1.6999999999999886,1.231,1.174,-1.206,1.196
818.341,0.3000000000000113,-0.099999999999909,-1.6999999999999886,1.231,1.174,-1.206,1.196
820.307,0.3000000000000113,-0.099999999999909,-1.6999999999999886,1.231,1.174,-1.206,1.196
823.3059999999999,0.3000000000000113,-0.099999999999909,-1.6999999999999886,1.231,1.174,-1.206,1.196
825.294,0.3000000000000113,-0.099999999999909,-1.6999999999999886,1.231,1.174,-1.206,1.301
827.507,0.3000000000000113,-0.099999999999909,-1.6999999999999886,1.231,1.174,-1.206,1.301
829.5409999999999,0.3000000000000113,-0.099999999999909,-1.6999999999999886,1.231,1.174,-1.206,1.301
831.499,0.3000000000000113,-0.099999999999909,-1.6999999999999886,1.231,1.174,-1.206,1.301
833.568,0.3000000000000113,-0.099999999999909,-1.6999999999999886,1.231,1.174,-1.206,1.301
835.565,0.3000000000000113,-0.099999999999909,-1.6999999999999886,1.231,1.174,-1.206,1.301
837.562,0.3000000000000113,-0.099999999999909,-1.6999999999999886,1.231,1.174,-1.206,1.301
842.2570000000001,0.3000000000000113,-0.099999999999909,-1.6999999999999886,1.231,1.174,-1.206,1.301
844.321,0.3000000000000113,-0.099999999999909,-1.6999999999999886,1.231,1.174,-1.206,1.23
846.308,0.3000000000000113,-0.099999999999909,-1.6999999999999886,1.231,1.174,-1.206,1.23
848.248,0.3000000000000113,-0.099999999999909,-1.6999999999999886,1.231,1.174,-1.206,1.23
850.238,0.3000000000000113,-0.099999999999909,-1.6999999999999886,1.231,1.174,-1.206,1.23
852.302,0.3000000000000113,0.0,-1.6999999999999886,1.231,1.174,-1.206,1.16
854.3,0.3000000000000113,0.0,-1.6999999999999886,1.231,1.174,-1.206,1.16
856.3,0.3000000000000113,0.0,-1.6999999999999886,1.231,1.174,-1.206,1.16
858.3140000000001,0.3000000000000113,0.0,-1.6999999999999886,1.231,1.174,-1.206,1.16
860.501,0.3000000000000113,0.0,-1.6999999999999886,1.231,1.174,-1.206,1.16
862.542,0.3000000000000113,0.0,-1.6999999999999886,1.231,1.174,-1.206,1.266
864.5169999999999,0.3000000000000113,0.0,-1.6999999999999886,1.231,1.174,-1.206,1.266
866.487,0.3000000000000113,0.0,-1.6999999999999886,1.231,1.174,-1.206,1.266
870.478,0.3000000000000113,0.0,-1.6999999999999886,1.231,1.174,-1.206,1.266
872.5079999999999,0.3000000000000113,0.0,-1.799999999999983,1.231,1.174,-1.206,1.125
876.827,0.3000000000000113,0.0,-1.799999999999983,1.231,1.174,-1.206,1.125
878.8249999999999,0.3000000000000113,0.0,-1.799999999999983,1.231,1.174,-1.206,1.125
880.831,0.3000000000000113,0.0,-1.799999999999983,1.231,1.174,-1.206,1.301
882.835,0.3000000000000113,0.0,-1.799999999999983,1.231,1.174,-1.206,1.301
884.808,0.3000000000000113,0.0,-1.799999999999983,1.231,1.174,-1.206,1.301
886.815,0.3000000000000113,0.0,-1.799999999999983,1.231,1.174,-1.206,1.301
888.818,0.3000000000000113,0.0,-1.799999999999983,1.231,1.174,-1.206,1.372
890.8340000000001,0.3000000000000113,0.0,-1.799999999999983,1.231,1.174,-1.206,1.372
892.842,0.3000000000000113,0.0,-1.799999999999983,1.231,1.174,-1.206,1.372
895.03,0.3000000000000113,0.0,-1.799999999999983,1.231,1.174,-1.206,1.372
897.028,0.3000000000000113,0.0,-1.799999999999983,1.231,1.174,-1.206,1.372
901.037,0.3000000000000113,0.0,-1.799999999999983,1.231,1.174,-1.206,0.985
903.04,0.3000000000000113,0.0,-1.799999999999983,1.231,1.174,-1.206,0.985
905.035,0.3000000000000113,0.0,-1.799999999999983,1.231,1.174,-1.206,0.985
907.03,0.3000000000000113,0.0,-1.799999999999983,1.231,1.174,-1.206,1.302
909.035,0.3000000000000113,0.0,-1.799999999999983,1.231,1.174,-1.206,1.302
911.042,0.3000000000000113,0.0,-1.799999999999983,1.231,1.174,-1.206,1.302
913.019,0.3000000000000113,0.0,-1.799999999999983,1.231,1.174,-1.206,1.302
915.211,0.3000000000000113,0.0,-1.6999999999999886,1.231,1.174,-1.206,1.231
917.241,0.3000000000000113,0.0,-1.6999999999999886,1.231,1.174,-1.206,1.231
919.203,0.3000000000000113,0.0,-1.6999999999999886,1.231,1.174,-1.206,1.231
921.201,0.3000000000000113,0.0,-1.6999999999999886,1.231,1.174,-1.206,1.231
923.193,0.3000000000000113,0.0,-1.6999999999999886,1.231,1.174,-1.206,1.231
927.208,0.3000000000000113,-0.099999999999909,-1.6999999999999886,1.231,1.173,-1.206,1.337
929.189,0.3000000000000113,-0.099999999999909,-1.6999999999999886,1.231,1.173,-1.206,1.337
931.324,0.3000000000000113,-0.099999999999909,-1.6999999999999886,1.231,1.173,-1.206,1.337
933.341,0.3000000000000113,-0.1999999999999318,-1.5,1.23,1.173,-1.206,1.301
935.316,0.3000000000000113,-0.1999999999999318,-1.5,1.23,1.173,-1.206,1.301
937.311,0.3000000000000113,-0.1999999999999318,-1.5,1.23,1.173,-1.206,1.301
939.337,0.3000000000000113,-0.1999999999999318,-1.5,1.23,1.173,-1.206,1.301
943.295,0.3000000000000113,-0.5,-1.0,1.229,1.172,-1.207,1.442
945.416,0.3000000000000113,-0.5,-1.0,1.229,1.172,-1.207,1.442
947.466,0.3000000000000113,-0.5,-1.0,1.229,1.172,-1.207,1.442
949.445,0.3000000000000113,-0.5,-1.0,1.229,1.172,-1.207,1.442
951.557,0.3000000000000113,-0.8999999999999773,0.5999999999999943,1.228,1.171,-1.207,1.301
953.555,0.3000000000000113,-0.8999999999999773,0.5999999999999943,1.228,1.171,-1.207,1.301
957.577,0.3000000000000113,-0.8999999999999773,0.5999999999999943,1.228,1.171,-1.207,1.301
959.539,0.3000000000000113,-0.8999999999999773,0.5999999999999943,1.228,1.171,-1.207,1.301
995.961,0.3000000000000113,-2.0,1.5999999999999943,1.227,1.17,-1.208,1.196
1001.944,0.3000000000000113,-2.0,1.5999999999999943,1.227,1.17,-1.208,1.196
1003.941,0.3000000000000113,-2.3999999999999773,4.200000000000017,1.224,1.167,-1.211,0.879
1005.979,0.3000000000000113,-2.3999999999999773,4.200000000000017,1.224,1.167,-1.211,0.879
1008.965,0.3000000000000113,-2.3999999999999773,4.200000000000017,1.224,1.167,-1.211,0.879
1012.915,0.3000000000000113,-2.3999999999999773,4.200000000000017,1.224,1.167,-1.211,0.879
1020.896,0.3000000000000113,-2.3999999999999773,4.200000000000017,1.224,1.167,-1.211,0.879
1029.1090000000002,0.0999999999999943,-2.7999999999999545,9.700000000000015,1.222,1.166,-1.211,0.809
1031.107,0.0999999999999943,-1.3999999999999773,11.200000000000015,1.222,1.166,-1.211,0.844
1033.1,0.0999999999999943,-1.3999999999999773,11.200000000000015,1.222,1.166,-1.211,0.844
1035.096,0.3000000000000113,-0.6999999999999318,11.5,1.222,1.166,-1.211,0.773
1037.091,0.3000000000000113,-0.6999999999999318,11.5,1.222,1.166,-1.211,0.773
1039.093,0.3000000000000113,-0.6999999999999318,11.5,1.222,1.166,-1.211,0.773
1041.238,0.3000000000000113,-0.6999999999999318,11.5,1.222,1.166,-1.211,0.773
1043.237,0.3000000000000113,-0.6999999999999318,11.5,1.222,1.166,-1.211,0.773
1045.318,0.4000000000000057,-0.099999999999909,11.400000000000006,1.223,1.166,-1.211,0.668
1047.336,0.4000000000000057,-0.099999999999909,11.400000000000006,1.223,1.166,-1.211,0.668
1049.309,0.4000000000000057,-0.099999999999909,11.400000000000006,1.223,1.166,-1.211,0.668
1051.586,0.4000000000000057,-0.099999999999909,11.400000000000006,1.223,1.166,-1.211,0.668
1053.584,0.5,0.3000000000000682,11.099999999999994,1.223,1.166,-1.211,0.703
1055.623,0.5,0.3000000000000682,11.099999999999994,1.223,1.166,-1.211,0.703
1059.944,0.5,0.3000000000000682,11.099999999999994,1.223,1.166,-1.211,0.703
1062.001,0.5,0.5,10.700000000000015,1.222,1.166,-1.211,0.773
1064.197,0.5,0.5,10.700000000000015,1.222,1.166,-1.211,0.773
1066.1940000000002,0.5,0.5,10.700000000000015,1.222,1.166,-1.211,0.773
1068.258,0.5,0.5,10.700000000000015,1.222,1.166,-1.211,0.773
1070.255,0.4000000000000057,0.8000000000000682,9.200000000000015,1.223,1.166,-1.211,0.703
1072.259,0.4000000000000057,0.8000000000000682,9.200000000000015,1.223,1.166,-1.211,0.703
1074.689,0.4000000000000057,0.8000000000000682,9.200000000000015,1.223,1.166,-1.211,0.703
1076.737,0.4000000000000057,0.8000000000000682,9.200000000000015,1.223,1.166,-1.211,0.703
1078.763,0.4000000000000057,0.8000000000000682,9.200000000000015,1.223,1.166,-1.211,0.703
1082.96,0.4000000000000057,1.1000000000000227,8.300000000000011,1.222,1.166,-1.211,0.632
1085.013,0.4000000000000057,1.1000000000000227,8.300000000000011,1.222,1.166,-1.211,0.632
1086.995,0.4000000000000057,1.1000000000000227,8.300000000000011,1.222,1.166,-1.211,0.632
1088.9930000000002,0.4000000000000057,1.1000000000000227,8.300000000000011,1.222,1.166,-1.211,0.632
1091.431,0.5,0.3000000000000682,8.200000000000017,1.221,1.164,-1.211,0.703
1093.45,0.5,0.3000000000000682,8.200000000000017,1.221,1.164,-1.211,0.703
1095.424,0.5,0.3000000000000682,8.200000000000017,1.221,1.164,-1.211,0.703
1097.587,0.5,0.3000000000000682,8.200000000000017,1.221,1.164,-1.211,0.703
1099.622,0.5,-0.8999999999999773,8.400000000000006,1.22,1.163,-1.213,0.703
1101.625,0.5,-0.8999999999999773,8.400000000000006,1.22,1.163,-1.213,0.703
1103.62,0.5,-0.8999999999999773,8.400000000000006,1.22,1.163,-1.213,0.703
1105.621,0.5,-0.8999999999999773,8.400000000000006,1.22,1.163,-1.213,0.703
1107.61,0.5,-0.8999999999999773,8.400000000000006,1.22,1.163,-1.213,0.703
1109.608,0.5,-1.8999999999999773,8.800000000000011,1.218,1.161,-1.214,0.738
1111.764,0.5,-1.8999999999999773,8.800000000000011,1.218,1.161,-1.214,0.738
1113.79,0.5,-1.8999999999999773,8.800000000000011,1.218,1.161,-1.214,0.738
1115.781,0.5,-1.8999999999999773,8.800000000000011,1.218,1.161,-1.214,0.738
1118.001,0.5,-2.199999999999932,8.800000000000011,1.217,1.161,-1.214,0.773
1119.998,0.5,-2.199999999999932,8.800000000000011,1.217,1.161,-1.214,0.773
1121.993,0.5,-2.199999999999932,8.800000000000011,1.217,1.161,-1.214,0.773
1123.988,0.5,-2.199999999999932,8.800000000000011,1.217,1.161,-1.214,0.773
1125.983,0.5,-2.199999999999932,8.800000000000011,1.217,1.161,-1.214,0.773
1128.192,0.5,-2.0,8.599999999999994,1.218,1.162,-1.213,0.914
1130.234,0.5,-2.0,8.599999999999994,1.218,1.162,-1.213,0.914
1132.2179999999998,0.5,-2.0,8.599999999999994,1.218,1.162,-1.213,0.914
1134.179,0.5,-2.0,8.599999999999994,1.218,1.162,-1.213,0.914
1136.179,0.5,-1.0,8.099999999999994,1.219,1.162,-1.213,0.738
1138.1699999999998,0.5,-1.0,8.099999999999994,1.219,1.162,-1.213,0.738
1140.164,0.5,-1.0,8.099999999999994,1.219,1.162,-1.213,0.738
1142.606,0.5,-1.0,8.099999999999994,1.219,1.162,-1.213,0.738
1144.657,0.5,-1.0,8.099999999999994,1.219,1.162,-1.213,0.738
1146.735,0.5,-0.8999999999999773,8.400000000000006,1.219,1.162,-1.213,0.914
1148.953,0.5,-0.8999999999999773,8.400000000000006,1.219,1.162,-1.213,0.914
1150.975,0.5,-0.8999999999999773,8.400000000000006,1.219,1.162,-1.213,0.914
1152.9499999999998,0.5,-0.8999999999999773,8.400000000000006,1.219,1.162,-1.213,0.914
1154.94,0.5,-0.7999999999999545,8.700000000000017,1.218,1.162,-1.213,0.773
1158.252,0.5,-0.7999999999999545,8.700000000000017,1.218,1.162,-1.213,0.773
1160.495,0.5,-0.7999999999999545,8.700000000000017,1.218,1.162,-1.213,0.773
1162.536,0.5,-0.7999999999999545,8.700000000000017,1.218,1.162,-1.213,0.773
1164.521,0.5,-0.6999999999999318,8.800000000000011,1.218,1.161,-1.213,0.703
1166.688,0.5,-0.6999999999999318,8.800000000000011,1.218,1.161,-1.213,0.703
1168.709,0.5,-0.6999999999999318,8.800000000000011,1.218,1.161,-1.213,0.703
1170.681,0.5,-0.6999999999999318,8.800000000000011,1.218,1.161,-1.213,0.703
1172.708,0.5,-0.2999999999999545,8.599999999999994,1.218,1.161,-1.213,0.773
1174.697,0.5,-0.2999999999999545,8.599999999999994,1.218,1.161,-1.213,0.773
1176.771,0.5,-0.2999999999999545,8.599999999999994,1.218,1.161,-1.213,0.773
1178.77,0.5,-0.2999999999999545,8.599999999999994,1.218,1.161,-1.213,0.773
1181.003,0.5,0.1000000000000227,8.300000000000011,1.218,1.162,-1.213,0.809
1183.052,0.5,0.1000000000000227,8.300000000000011,1.218,1.162,-1.213,0.809
1185.0449999999998,0.5,0.1000000000000227,8.300000000000011,1.218,1.162,-1.213,0.809
1187.066,0.5,0.1000000000000227,8.300000000000011,1.218,1.162,-1.213,0.809
1189.096,0.5,0.4000000000000909,8.099999999999994,1.219,1.162,-1.213,0.844
1192.099,0.5,0.4000000000000909,8.099999999999994,1.219,1.162,-1.213,0.844
1194.332,0.5,0.4000000000000909,8.099999999999994,1.219,1.162,-1.213,0.844
1196.35,0.5,0.4000000000000909,8.099999999999994,1.219,1.162,-1.213,0.844
1198.3490000000002,0.5,0.6000000000000227,7.800000000000011,1.218,1.161,-1.213,0.844
1200.337,0.5,0.6000000000000227,7.800000000000011,1.218,1.161,-1.213,0.844
1202.318,0.5,0.6000000000000227,7.800000000000011,1.218,1.161,-1.213,0.844
1204.311,0.5,0.6000000000000227,7.800000000000011,1.218,1.161,-1.213,0.844
1206.305,0.5,0.4000000000000909,7.800000000000011,1.217,1.16,-1.214,0.738
1208.3,0.5,0.4000000000000909,7.800000000000011,1.217,1.16,-1.214,0.738
1210.292,0.5,0.4000000000000909,7.800000000000011,1.217,1.16,-1.214,0.738
1212.423,0.5,0.4000000000000909,7.800000000000011,1.217,1.16,-1.214,0.738
1214.442,0.5,0.4000000000000909,7.800000000000011,1.217,1.16,-1.214,0.738
1216.442,0.5,0.1000000000000227,7.900000000000006,1.216,1.16,-1.214,0.809
1218.41,0.5,0.1000000000000227,7.900000000000006,1.216,1.16,-1.214,0.809
1220.405,0.5,0.1000000000000227,7.900000000000006,1.216,1.16,-1.214,0.809
1222.4029999999998,0.5,0.1000000000000227,7.900000000000006,1.216,1.16,-1.214,0.809
1224.395,0.4000000000000057,-0.099999999999909,7.800000000000011,1.216,1.159,-1.215,0.668
1226.553,0.4000000000000057,-0.099999999999909,7.800000000000011,1.216,1.159,-1.215,0.668
1228.551,0.4000000000000057,-0.099999999999909,7.800000000000011,1.216,1.159,-1.215,0.668
1230.566,0.4000000000000057,-0.099999999999909,7.800000000000011,1.216,1.159,-1.215,0.668
1232.54,0.4000000000000057,-0.099999999999909,7.800000000000011,1.216,1.159,-1.215,0.668
1234.535,0.3000000000000113,0.0,7.5,1.216,1.159,-1.215,0.598
1236.535,0.3000000000000113,0.0,7.5,1.216,1.159,-1.215,0.598
1238.525,0.3000000000000113,0.0,7.5,1.216,1.159,-1.215,0.598
1240.52,0.3000000000000113,0.0,7.5,1.216,1.159,-1.215,0.598
1242.758,0.3000000000000113,0.0,7.5,1.216,1.159,-1.215,0.598
1245.051,0.3000000000000113,0.1000000000000227,7.300000000000011,1.216,1.159,-1.215,0.773
1247.118,0.3000000000000113,0.1000000000000227,7.300000000000011,1.216,1.159,-1.215,0.773
1251.1,0.3000000000000113,0.1000000000000227,7.300000000000011,1.216,1.159,-1.215,0.773
1253.156,0.4000000000000057,0.2000000000000454,7.300000000000011,1.216,1.159,-1.215,0.879
1256.117,0.4000000000000057,0.2000000000000454,7.300000000000011,1.216,1.159,-1.215,0.879
1258.0849999999998,0.4000000000000057,0.2000000000000454,7.300000000000011,1.216,1.159,-1.215,0.879
1260.319,0.4000000000000057,0.2000000000000454,7.300000000000011,1.216,1.159,-1.215,0.879
1262.3439999999998,0.4000000000000057,0.1000000000000227,7.5,1.215,1.158,-1.215,0.738
1264.654,0.4000000000000057,0.1000000000000227,7.5,1.215,1.158,-1.215,0.738
1266.683,0.4000000000000057,0.1000000000000227,7.5,1.215,1.158,-1.215,0.738
1269.7050000000002,0.4000000000000057,0.1000000000000227,7.5,1.215,1.158,-1.215,0.738
1272.671,0.4000000000000057,0.1000000000000227,7.599999999999994,1.215,1.158,-1.215,0.668
1276.683,0.4000000000000057,0.1000000000000227,7.599999999999994,1.215,1.158,-1.215,0.668
1278.654,0.4000000000000057,0.1000000000000227,7.599999999999994,1.215,1.158,-1.215,0.668
1280.847,0.4000000000000057,0.2000000000000454,7.5,1.215,1.158,-1.215,0.773
1282.896,0.4000000000000057,0.2000000000000454,7.5,1.215,1.158,-1.215,0.773
1284.84,0.4000000000000057,0.2000000000000454,7.5,1.215,1.158,-1.215,0.773
1286.903,0.4000000000000057,0.2000000000000454,7.5,1.215,1.158,-1.215,0.773
1288.903,0.4000000000000057,0.4000000000000909,7.300000000000011,1.216,1.159,-1.215,0.668
1290.869,0.4000000000000057,0.4000000000000909,7.300000000000011,1.216,1.159,-1.215,0.668
1292.863,0.4000000000000057,0.4000000000000909,7.300000000000011,1.216,1.159,-1.215,0.668
1294.862,0.4000000000000057,0.4000000000000909,7.300000000000011,1.216,1.159,-1.215,0.668
1296.9219999999998,0.4000000000000057,0.4000000000000909,7.300000000000011,1.216,1.159,-1.215,0.668
1298.92,0.4000000000000057,0.7000000000000455,7.099999999999994,1.215,1.159,-1.215,0.773
1300.919,0.4000000000000057,0.7000000000000455,7.099999999999994,1.215,1.159,-1.215,0.773
1302.909,0.4000000000000057,0.7000000000000455,7.099999999999994,1.215,1.159,-1.215,0.773
1304.906,0.4000000000000057,0.7000000000000455,7.099999999999994,1.215,1.159,-1.215,0.773
1307.9019999999998,0.5999999999999943,0.7000000000000455,7.0,1.215,1.159,-1.215,0.843
1310.054,0.5999999999999943,0.7000000000000455,7.0,1.215,1.159,-1.215,0.843
1312.084,0.5999999999999943,0.7000000000000455,7.0,1.215,1.159,-1.215,0.843
1314.228,0.5999999999999943,0.7000000000000455,7.0,1.215,1.159,-1.215,0.843
1316.2469999999998,0.5999999999999943,0.5,7.099999999999994,1.215,1.159,-1.215,0.738
1318.24,0.5999999999999943,0.5,7.099999999999994,1.215,1.159,-1.215,0.738
1320.215,0.5999999999999943,0.5,7.099999999999994,1.215,1.159,-1.215,0.738
1322.214,0.5999999999999943,0.5,7.099999999999994,1.215,1.159,-1.215,0.738
1326.364,0.5999999999999943,0.5,7.099999999999994,1.215,1.159,-1.215,0.738
1328.362,0.5999999999999943,0.3000000000000682,7.200000000000017,1.214,1.158,-1.215,0.738
1330.696,0.5999999999999943,0.3000000000000682,7.200000000000017,1.214,1.158,-1.215,0.738
1332.714,0.5999999999999943,0.3000000000000682,7.200000000000017,1.214,1.158,-1.215,0.738
1334.7089999999998,0.5999999999999943,0.1000000000000227,7.200000000000017,1.214,1.158,-1.216,0.667
1336.684,0.5999999999999943,0.1000000000000227,7.200000000000017,1.214,1.158,-1.216,0.667
1339.678,0.5999999999999943,0.1000000000000227,7.200000000000017,1.214,1.158,-1.216,0.667
1341.879,0.5999999999999943,0.1000000000000227,7.200000000000017,1.214,1.158,-1.216,0.667
1343.877,0.5,0.0,7.099999999999994,1.214,1.158,-1.215,0.703
1345.915,0.5,0.0,7.099999999999994,1.214,1.158,-1.215,0.703
1348.146,0.5,0.0,7.099999999999994,1.214,1.158,-1.215,0.703
1350.188,0.5,0.0,7.099999999999994,1.214,1.158,-1.215,0.703
1352.138,0.5,0.1000000000000227,6.599999999999994,1.214,1.158,-1.215,0.808
1354.134,0.5,0.1000000000000227,6.599999999999994,1.214,1.158,-1.215,0.808
1357.126,0.5,0.1000000000000227,6.599999999999994,1.214,1.158,-1.215,0.808
1359.464,0.5,0.1000000000000227,6.599999999999994,1.214,1.158,-1.215,0.808
1361.521,0.5,0.1000000000000227,6.599999999999994,1.214,1.158,-1.215,0.808
1363.456,0.5,0.2000000000000454,6.599999999999994,1.214,1.158,-1.215,0.808
1365.456,0.5,0.2000000000000454,6.599999999999994,1.214,1.158,-1.215,0.808
1367.5870000000002,0.5,0.2000000000000454,6.599999999999994,1.214,1.158,-1.215,0.808
1369.585,0.5,0.2000000000000454,6.599999999999994,1.214,1.158,-1.215,0.808
1371.604,0.5,0.2000000000000454,6.700000000000017,1.214,1.158,-1.216,0.879
1373.578,0.5,0.2000000000000454,6.700000000000017,1.214,1.158,-1.216,0.879
1375.572,0.5,0.2000000000000454,6.700000000000017,1.214,1.158,-1.216,0.879
1377.724,0.5,0.2000000000000454,6.700000000000017,1.214,1.158,-1.216,0.879
1379.756,0.5,0.1000000000000227,7.0,1.213,1.157,-1.216,0.774
1381.76,0.5,0.1000000000000227,7.0,1.213,1.157,-1.216,0.774
1383.732,0.5,0.1000000000000227,7.0,1.213,1.157,-1.216,0.774
1385.7759999999998,0.5,0.1000000000000227,7.0,1.213,1.157,-1.216,0.774
1387.973,0.5,0.0,7.0,1.213,1.157,-1.216,0.703
1391.207,0.5,0.0,7.0,1.213,1.157,-1.216,0.703
1393.205,0.5,0.0,7.0,1.213,1.157,-1.216,0.703
1395.2720000000002,0.5,0.0,7.0,1.213,1.157,-1.216,0.703
1397.318,0.5,0.0,7.0,1.213,1.157,-1.216,0.703
1399.265,0.5,0.2000000000000454,6.800000000000011,1.213,1.157,-1.216,0.738
1401.28,0.5,0.2000000000000454,6.800000000000011,1.213,1.157,-1.216,0.738
1403.2530000000002,0.5,0.2000000000000454,6.800000000000011,1.213,1.157,-1.216,0.738
1405.255,0.5,0.2000000000000454,6.800000000000011,1.213,1.157,-1.216,0.738
1407.3739999999998,0.5,0.3000000000000682,6.5,1.214,1.158,-1.216,0.738
1409.373,0.5,0.3000000000000682,6.5,1.214,1.158,-1.216,0.738
1411.552,0.5,0.3000000000000682,6.5,1.214,1.158,-1.216,0.738
1413.5500000000002,0.5,0.3000000000000682,6.5,1.214,1.158,-1.216,0.738
1415.588,0.5,0.5,6.200000000000017,1.214,1.158,-1.216,0.774
1417.564,0.5,0.5,6.200000000000017,1.214,1.158,-1.216,0.774
1419.567,0.5,0.5,6.200000000000017,1.214,1.158,-1.216,0.774
1421.566,0.5,0.5,6.200000000000017,1.214,1.158,-1.216,0.774
1423.558,0.5,0.5,6.200000000000017,1.214,1.158,-1.216,0.774
1425.796,0.5,0.5,6.400000000000006,1.213,1.157,-1.216,0.808
1427.796,0.5,0.5,6.400000000000006,1.213,1.157,-1.216,0.808
1429.789,0.5,0.5,6.400000000000006,1.213,1.157,-1.216,0.808
1431.81,0.5,0.5,6.400000000000006,1.213,1.157,-1.216,0.808
1433.882,0.5,0.2000000000000454,6.5,1.213,1.157,-1.216,0.738
1435.9070000000002,0.5,0.2000000000000454,6.5,1.213,1.157,-1.216,0.738
1437.875,0.5,0.2000000000000454,6.5,1.213,1.157,-1.216,0.738
1439.905,0.5,0.2000000000000454,6.5,1.213,1.157,-1.216,0.738
1441.864,0.5,0.2000000000000454,6.5,1.213,1.157,-1.216,0.738
1443.8580000000002,0.5,0.1000000000000227,6.5,1.213,1.157,-1.216,0.844
1445.8580000000002,0.5,0.1000000000000227,6.5,1.213,1.157,-1.216,0.844
1447.999,0.5,0.1000000000000227,6.5,1.213,1.157,-1.216,0.844
1450.03,0.5,0.1000000000000227,6.5,1.213,1.157,-1.216,0.844
1452.02,0.5,0.3000000000000682,6.300000000000011,1.213,1.157,-1.216,0.597
1453.988,0.5,0.3000000000000682,6.300000000000011,1.213,1.157,-1.216,0.597
1455.988,0.5,0.3000000000000682,6.300000000000011,1.213,1.157,-1.216,0.597
1460.029,0.5,0.3000000000000682,6.300000000000011,1.213,1.157,-1.216,0.597
1461.97,0.5,0.4000000000000909,6.099999999999994,1.213,1.157,-1.216,0.809
1464.123,0.5,0.4000000000000909,6.099999999999994,1.213,1.157,-1.216,0.809
1466.148,0.5,0.4000000000000909,6.099999999999994,1.213,1.157,-1.216,0.809
1468.151,0.5,0.4000000000000909,6.099999999999994,1.213,1.157,-1.216,0.809
1470.11,0.5,0.6000000000000227,5.900000000000006,1.213,1.157,-1.216,0.844
1472.144,0.5,0.6000000000000227,5.900000000000006,1.213,1.157,-1.216,0.844
1474.277,0.5,0.6000000000000227,5.900000000000006,1.213,1.157,-1.216,0.844
1476.28,0.5,0.6000000000000227,5.900000000000006,1.213,1.157,-1.216,0.844
1478.27,0.5,0.6000000000000227,5.900000000000006,1.213,1.157,-1.216,0.844
1480.3390000000002,0.5,0.6000000000000227,5.800000000000011,1.213,1.157,-1.216,0.773
1482.366,0.5,0.6000000000000227,5.800000000000011,1.213,1.157,-1.216,0.773
1484.331,0.5,0.6000000000000227,5.800000000000011,1.213,1.157,-1.216,0.773
1486.1,0.5,0.6000000000000227,5.800000000000011,1.213,1.157,-1.216,0.773
1488.101,0.5,0.6000000000000227,5.900000000000006,1.213,1.157,-1.216,0.738
1492.283,0.5,0.6000000000000227,5.900000000000006,1.213,1.157,-1.216,0.738
1494.302,0.5,0.6000000000000227,5.900000000000006,1.213,1.157,-1.216,0.738
1496.495,0.5,0.6000000000000227,5.900000000000006,1.213,1.157,-1.216,0.738
1498.518,0.5,0.5,6.0,1.213,1.157,-1.216,0.808
1500.561,0.5,0.5,6.0,1.213,1.157,-1.216,0.808
1502.591,0.5,0.5,6.0,1.213,1.157,-1.216,0.808
1504.555,0.5,0.5,6.0,1.213,1.157,-1.216,0.808
1507.546,0.5,0.6000000000000227,5.900000000000006,1.213,1.157,-1.216,0.843
1509.568,0.5,0.6000000000000227,5.900000000000006,1.213,1.157,-1.216,0.843
1511.561,0.5,0.6000000000000227,5.900000000000006,1.213,1.157,-1.216,0.843
1513.529,0.5,0.6000000000000227,5.900000000000006,1.213,1.157,-1.216,0.843
1515.529,0.5,0.7000000000000455,5.700000000000017,1.213,1.157,-1.216,0.703
1517.727,0.5,0.7000000000000455,5.700000000000017,1.213,1.157,-1.216,0.703
1519.725,0.5,0.7000000000000455,5.700000000000017,1.213,1.157,-1.216,0.703
1522.7189999999998,0.5,0.7000000000000455,5.700000000000017,1.213,1.157,-1.216,0.703
1524.739,0.5,0.8000000000000682,5.599999999999994,1.213,1.157,-1.216,0.738
1526.803,0.5,0.8000000000000682,5.599999999999994,1.213,1.157,-1.216,0.738
1530.841,0.5,0.8000000000000682,5.599999999999994,1.213,1.157,-1.216,0.738
1535.021,0.5,0.8000000000000682,5.5,1.213,1.157,-1.216,0.774
1537.0269999999998,0.5,0.8000000000000682,5.5,1.213,1.157,-1.216,0.774
1539.019,0.5,0.8000000000000682,5.5,1.213,1.157,-1.216,0.774
1541.01,0.5,0.8000000000000682,5.5,1.213,1.157,-1.216,0.774
1543.267,0.5,0.7000000000000455,5.5,1.213,1.157,-1.216,0.703
1545.6129999999998,0.5,0.7000000000000455,5.5,1.213,1.157,-1.216,0.703
1547.643,0.5,0.7000000000000455,5.5,1.213,1.157,-1.216,0.703
1549.738,0.5,0.7000000000000455,5.5,1.213,1.157,-1.216,0.703
1551.735,0.5,0.6000000000000227,5.599999999999994,1.213,1.157,-1.216,0.844
1553.733,0.5,0.6000000000000227,5.599999999999994,1.213,1.157,-1.216,0.844
1555.733,0.5,0.6000000000000227,5.599999999999994,1.213,1.157,-1.216,0.844
1557.799,0.5,0.6000000000000227,5.599999999999994,1.213,1.157,-1.216,0.844
1561.631,0.5,0.6000000000000227,5.599999999999994,1.213,1.157,-1.216,0.844
1563.672,0.5,0.4000000000000909,5.599999999999994,1.213,1.156,-1.216,0.738
1565.623,0.5,0.4000000000000909,5.599999999999994,1.213,1.156,-1.216,0.738
1567.618,0.5,0.4000000000000909,5.599999999999994,1.213,1.156,-1.216,0.738
1569.617,0.5,0.4000000000000909,5.300000000000011,1.213,1.157,-1.216,0.738
1573.922,0.5,0.4000000000000909,5.300000000000011,1.213,1.157,-1.216,0.738
1575.92,0.5,0.4000000000000909,5.300000000000011,1.213,1.157,-1.216,0.738
1577.956,0.5,0.4000000000000909,5.300000000000011,1.213,1.157,-1.216,0.738
1579.958,0.5999999999999943,0.6000000000000227,5.200000000000017,1.213,1.157,-1.216,0.773
1581.953,0.5999999999999943,0.6000000000000227,5.200000000000017,1.213,1.157,-1.216,0.773
1584.101,0.5999999999999943,0.6000000000000227,5.200000000000017,1.213,1.157,-1.216,0.773
1586.143,0.5999999999999943,0.6000000000000227,5.200000000000017,1.213,1.157,-1.216,0.773
1588.289,0.5999999999999943,0.7000000000000455,5.099999999999994,1.213,1.157,-1.216,0.738
1590.282,0.5999999999999943,0.7000000000000455,5.099999999999994,1.213,1.157,-1.216,0.738
1592.335,0.5999999999999943,0.7000000000000455,5.099999999999994,1.213,1.157,-1.216,0.738
1594.27,0.5999999999999943,0.7000000000000455,5.099999999999994,1.213,1.157,-1.216,0.738
1596.265,0.5999999999999943,0.7000000000000455,5.099999999999994,1.213,1.157,-1.216,0.738
1598.297,0.5999999999999943,0.6000000000000227,5.099999999999994,1.213,1.157,-1.216,0.632
1600.476,0.5999999999999943,0.6000000000000227,5.099999999999994,1.213,1.157,-1.216,0.632
1602.494,0.5999999999999943,0.6000000000000227,5.099999999999994,1.213,1.157,-1.216,0.632
1604.4689999999998,0.5999999999999943,0.6000000000000227,5.099999999999994,1.213,1.157,-1.216,0.632
1606.463,0.5999999999999943,0.6000000000000227,5.099999999999994,1.213,1.157,-1.216,0.738
1608.493,0.5999999999999943,0.6000000000000227,5.099999999999994,1.213,1.157,-1.216,0.738
1610.495,0.5999999999999943,0.6000000000000227,5.099999999999994,1.213,1.157,-1.216,0.738
1612.489,0.5999999999999943,0.6000000000000227,5.099999999999994,1.213,1.157,-1.216,0.738
1614.639,0.5999999999999943,0.5,5.099999999999994,1.213,1.157,-1.216,0.774
1616.6799999999998,0.5999999999999943,0.5,5.099999999999994,1.213,1.157,-1.216,0.774
1618.631,0.5999999999999943,0.5,5.099999999999994,1.213,1.157,-1.216,0.774
1620.628,0.5999999999999943,0.5,5.099999999999994,1.213,1.157,-1.216,0.774
1624.993,0.5999999999999943,0.5,5.099999999999994,1.213,1.157,-1.216,0.703
1626.992,0.5999999999999943,0.5,5.099999999999994,1.213,1.157,-1.216,0.703
1629.0169999999998,0.5999999999999943,0.5,5.099999999999994,1.213,1.157,-1.216,0.703
1631.257,0.5999999999999943,0.5,5.0,1.213,1.157,-1.216,0.633
1633.278,0.5999999999999943,0.5,5.0,1.213,1.157,-1.216,0.633
1635.249,0.5999999999999943,0.5,5.0,1.213,1.157,-1.216,0.633
1637.245,0.5999999999999943,0.5,5.0,1.213,1.157,-1.216,0.633
1639.246,0.5999999999999943,0.6000000000000227,4.900000000000006,1.213,1.157,-1.216,0.914
1641.26,0.5999999999999943,0.6000000000000227,4.900000000000006,1.213,1.157,-1.216,0.914
1643.258,0.5999999999999943,0.6000000000000227,4.900000000000006,1.213,1.157,-1.216,0.914
1645.2530000000002,0.5999999999999943,0.6000000000000227,4.900000000000006,1.213,1.157,-1.216,0.914
1647.459,0.5999999999999943,0.6000000000000227,4.900000000000006,1.213,1.157,-1.216,0.914
1649.5,0.5,0.7000000000000455,4.800000000000011,1.213,1.157,-1.216,0.879
1651.451,0.5,0.7000000000000455,4.800000000000011,1.213,1.157,-1.216,0.879
1653.447,0.5,0.7000000000000455,4.800000000000011,1.213,1.157,-1.216,0.879
1655.4450000000002,0.5,0.7000000000000455,4.800000000000011,1.213,1.157,-1.216,0.879
1657.457,0.5,0.7000000000000455,4.700000000000017,1.213,1.157,-1.216,0.773
1659.595,0.5,0.7000000000000455,4.700000000000017,1.213,1.157,-1.216,0.773
1663.613,0.5,0.7000000000000455,4.700000000000017,1.213,1.157,-1.216,0.773
1665.86,0.5,0.7000000000000455,4.700000000000017,1.213,1.157,-1.216,0.914
1668.182,0.5,0.7000000000000455,4.700000000000017,1.213,1.157,-1.216,0.914
1670.18,0.5,0.7000000000000455,4.700000000000017,1.213,1.157,-1.216,0.914
1672.21,0.5,0.7000000000000455,4.700000000000017,1.213,1.157,-1.216,0.914
1674.178,0.5,0.7000000000000455,4.700000000000017,1.213,1.157,-1.216,0.914
1676.423,0.5,0.7000000000000455,4.700000000000017,1.213,1.157,-1.216,0.844
1678.422,0.5,0.7000000000000455,4.700000000000017,1.213,1.157,-1.216,0.844
1680.419,0.5,0.7000000000000455,4.700000000000017,1.213,1.157,-1.216,0.844
1682.421,0.5,0.7000000000000455,4.700000000000017,1.213,1.157,-1.216,0.844
1684.56,0.5,0.7000000000000455,4.599999999999994,1.213,1.157,-1.216,0.667
1686.064,0.5,0.7000000000000455,4.599999999999994,1.213,1.157,-1.216,0.667
1689.071,0.5,0.7000000000000455,4.599999999999994,1.213,1.157,-1.216,0.667
1691.099,0.5,0.7000000000000455,4.599999999999994,1.213,1.157,-1.216,0.667
1693.107,0.5,0.8000000000000682,4.5,1.213,1.157,-1.216,0.808
1695.305,0.5,0.8000000000000682,4.5,1.213,1.157,-1.216,0.808
1697.303,0.5,0.8000000000000682,4.5,1.213,1.157,-1.216,0.808
1699.317,0.5,0.8000000000000682,4.5,1.213,1.157,-1.216,0.808
1701.324,0.5,0.8000000000000682,4.5,1.213,1.157,-1.216,0.808
1703.314,0.5,0.8000000000000682,4.400000000000006,1.213,1.157,-1.216,0.703
1705.314,0.5,0.8000000000000682,4.400000000000006,1.213,1.157,-1.216,0.703
1707.304,0.5,0.8000000000000682,4.400000000000006,1.213,1.157,-1.216,0.703
1711.4830000000002,0.5,0.8000000000000682,4.400000000000006,1.213,1.157,-1.216,0.703
1713.708,0.5,0.900000000000091,4.400000000000006,1.213,1.157,-1.216,0.774
1715.749,0.5,0.900000000000091,4.400000000000006,1.213,1.157,-1.216,0.774
1717.7,0.5,0.900000000000091,4.400000000000006,1.213,1.157,-1.216,0.774
1719.695,0.5,0.900000000000091,4.400000000000006,1.213,1.157,-1.216,0.774
1721.7,0.5,0.900000000000091,4.400000000000006,1.213,1.157,-1.216,0.703
1725.696,0.5,0.900000000000091,4.400000000000006,1.213,1.157,-1.216,0.703
1727.7,0.5,0.900000000000091,4.400000000000006,1.213,1.157,-1.216,0.703
1729.976,0.5,0.900000000000091,4.300000000000011,1.213,1.157,-1.216,0.808
1732.0169999999998,0.5,0.900000000000091,4.300000000000011,1.213,1.157,-1.216,0.808
1733.9679999999998,0.5,0.900000000000091,4.300000000000011,1.213,1.157,-1.216,0.808
1735.989,0.5,0.900000000000091,4.300000000000011,1.213,1.157,-1.216,0.808
1739.9679999999998,0.5,0.900000000000091,4.200000000000017,1.213,1.157,-1.216,0.843
1743.973,0.5,0.900000000000091,4.200000000000017,1.213,1.157,-1.216,0.843
1745.968,0.5,0.900000000000091,4.200000000000017,1.213,1.157,-1.216,0.843
1749.9260000000002,0.5,0.900000000000091,4.200000000000017,1.213,1.157,-1.216,0.843
1757.277,0.5,1.0,4.200000000000017,1.213,1.157,-1.216,0.879
1759.277,0.5,1.0,4.200000000000017,1.214,1.157,-1.216,0.773
1761.508,0.5,1.0,4.200000000000017,1.214,1.157,-1.216,0.773
1763.505,0.5,1.0,4.200000000000017,1.214,1.157,-1.216,0.773
1765.5259999999998,0.5,1.0,4.200000000000017,1.214,1.157,-1.216,0.773
1767.731,0.5,1.0,4.200000000000017,1.214,1.157,-1.216,0.773
1769.729,0.5999999999999943,1.0,4.099999999999994,1.214,1.157,-1.216,0.879
1771.754,0.5999999999999943,1.0,4.099999999999994,1.214,1.157,-1.216,0.879
1774.72,0.5999999999999943,1.0,4.099999999999994,1.214,1.157,-1.216,0.879
1778.708,0.5999999999999943,1.0,4.099999999999994,1.214,1.157,-1.216,0.879
1780.703,0.5999999999999943,1.0,4.0,1.214,1.157,-1.216,0.844
1784.7040000000002,0.5999999999999943,1.0,4.0,1.214,1.157,-1.216,0.844
1786.2089999999998,0.5999999999999943,1.1000000000000227,3.9000000000000057,1.214,1.158,-1.216,0.773
1790.269,0.5999999999999943,1.1000000000000227,3.9000000000000057,1.214,1.158,-1.216,0.773
1794.211,0.5999999999999943,1.1000000000000227,3.9000000000000057,1.214,1.158,-1.216,0.773
1796.465,0.5999999999999943,1.1000000000000227,3.9000000000000057,1.214,1.158,-1.215,0.773
1798.463,0.5999999999999943,1.1000000000000227,3.9000000000000057,1.214,1.158,-1.215,0.773
1800.668,0.5999999999999943,1.1000000000000227,3.9000000000000057,1.214,1.158,-1.215,0.773
1802.71,0.5999999999999943,1.1000000000000227,3.9000000000000057,1.214,1.158,-1.215,0.773
1804.662,0.5999999999999943,1.1000000000000227,3.700000000000017,1.214,1.158,-1.215,0.914
1806.689,0.5999999999999943,1.1000000000000227,3.700000000000017,1.214,1.158,-1.215,0.914
1808.65,0.5999999999999943,1.1000000000000227,3.700000000000017,1.214,1.158,-1.215,0.914
1810.681,0.5999999999999943,1.1000000000000227,3.700000000000017,1.214,1.158,-1.215,0.914
1812.731,0.5999999999999943,1.1000000000000227,3.700000000000017,1.214,1.158,-1.215,0.844
1815.045,0.5999999999999943,1.1000000000000227,3.700000000000017,1.214,1.158,-1.215,0.844
1817.047,0.5999999999999943,1.1000000000000227,3.700000000000017,1.214,1.158,-1.215,0.844
1819.037,0.5999999999999943,1.1000000000000227,3.700000000000017,1.214,1.158,-1.215,0.844
1821.035,0.5999999999999943,1.1000000000000227,3.5999999999999943,1.214,1.158,-1.215,0.809
1823.027,0.5999999999999943,1.1000000000000227,3.5999999999999943,1.214,1.158,-1.215,0.809
1825.022,0.5999999999999943,1.1000000000000227,3.5999999999999943,1.214,1.158,-1.215,0.809
1827.016,0.5999999999999943,1.1000000000000227,3.5999999999999943,1.214,1.158,-1.215,0.809
1829.109,0.5999999999999943,1.1000000000000227,3.5999999999999943,1.214,1.158,-1.215,0.809
1831.168,0.5999999999999943,1.0,3.5999999999999943,1.214,1.158,-1.215,0.879
1833.101,0.5999999999999943,1.0,3.5999999999999943,1.214,1.158,-1.215,0.879
1835.117,0.5999999999999943,1.0,3.5999999999999943,1.214,1.158,-1.215,0.879
1837.09,0.5999999999999943,1.0,3.5999999999999943,1.214,1.158,-1.215,0.879
1843.115,0.5999999999999943,1.0,3.5999999999999943,1.214,1.158,-1.215,0.773
1845.286,0.5999999999999943,1.0,3.5999999999999943,1.214,1.158,-1.215,0.773
1847.283,0.5999999999999943,1.0,3.5999999999999943,1.214,1.158,-1.215,0.773
1849.281,0.5999999999999943,1.0,3.5,1.214,1.158,-1.215,0.738
1851.278,0.5999999999999943,1.0,3.5,1.214,1.158,-1.215,0.738
1853.273,0.5999999999999943,1.0,3.5,1.214,1.158,-1.215,0.738
1855.271,0.5999999999999943,1.0,3.5,1.214,1.158,-1.215,0.738
1857.263,0.5999999999999943,1.0,3.5,1.214,1.158,-1.215,0.738
1859.504,0.5999999999999943,1.0,3.4000000000000057,1.214,1.158,-1.215,0.808
1861.546,0.5999999999999943,1.0,3.4000000000000057,1.214,1.158,-1.215,0.808
1863.501,0.5999999999999943,1.0,3.4000000000000057,1.214,1.158,-1.215,0.808
1865.498,0.5999999999999943,1.0,3.4000000000000057,1.214,1.158,-1.215,0.808
1867.68,0.5999999999999943,1.0,3.300000000000012,1.214,1.158,-1.215,0.879
1869.679,0.5999999999999943,1.0,3.300000000000012,1.214,1.158,-1.215,0.879
1873.671,0.5999999999999943,1.0,3.300000000000012,1.214,1.158,-1.215,0.879
1875.692,0.5999999999999943,1.0,3.300000000000012,1.214,1.158,-1.215,0.949
1877.831,0.5999999999999943,1.0,3.300000000000012,1.214,1.158,-1.215,0.949
1879.868,0.5999999999999943,1.0,3.300000000000012,1.214,1.158,-1.215,0.949
1881.824,0.5999999999999943,1.0,3.300000000000012,1.214,1.158,-1.215,0.949
1883.85,0.5999999999999943,1.0,3.300000000000012,1.214,1.158,-1.215,0.844
1886.328,0.5999999999999943,1.0,3.300000000000012,1.214,1.158,-1.215,0.844
1890.366,0.5999999999999943,1.0,3.300000000000012,1.214,1.158,-1.215,0.844
1892.364,0.5999999999999943,1.1000000000000227,3.0999999999999943,1.214,1.158,-1.215,0.914
1894.518,0.5999999999999943,1.1000000000000227,3.0999999999999943,1.214,1.158,-1.215,0.914
1896.878,0.5999999999999943,1.1000000000000227,3.0999999999999943,1.214,1.158,-1.215,0.914
1898.897,0.5999999999999943,1.1000000000000227,3.0999999999999943,1.214,1.158,-1.215,0.914
1900.875,0.5999999999999943,1.1000000000000227,3.0999999999999943,1.214,1.158,-1.215,0.809
1902.865,0.5999999999999943,1.1000000000000227,3.0999999999999943,1.214,1.158,-1.215,0.809
1904.863,0.5999999999999943,1.1000000000000227,3.0999999999999943,1.214,1.158,-1.215,0.809
1906.855,0.5999999999999943,1.1000000000000227,3.0999999999999943,1.214,1.158,-1.215,0.809
1908.872,0.5999999999999943,1.1000000000000227,3.0999999999999943,1.214,1.158,-1.215,0.809
1910.87,0.5999999999999943,1.1000000000000227,3.0,1.214,1.158,-1.215,0.844
1912.884,0.5999999999999943,1.1000000000000227,3.0,1.214,1.158,-1.215,0.844
1914.88,0.5999999999999943,1.1000000000000227,3.0,1.214,1.158,-1.215,0.844
1916.853,0.5999999999999943,1.1000000000000227,3.0,1.214,1.158,-1.215,0.844
1918.854,0.5999999999999943,1.1000000000000227,3.0,1.215,1.158,-1.215,0.844
1920.844,0.5999999999999943,1.1000000000000227,3.0,1.215,1.158,-1.215,0.844
1922.838,0.5999999999999943,1.1000000000000227,3.0,1.215,1.158,-1.215,0.844
1924.833,0.5999999999999943,1.1000000000000227,3.0,1.215,1.158,-1.215,0.844
1926.989,0.5999999999999943,1.1000000000000227,3.0,1.215,1.158,-1.215,0.844
1928.987,0.5999999999999943,1.1000000000000227,2.9000000000000057,1.215,1.158,-1.215,0.773
1931.002,0.5999999999999943,1.1000000000000227,2.9000000000000057,1.215,1.158,-1.215,0.773
1932.981,0.5999999999999943,1.1000000000000227,2.9000000000000057,1.215,1.158,-1.215,0.773
1934.971,0.5999999999999943,1.1000000000000227,2.9000000000000057,1.215,1.158,-1.215,0.773
1936.967,0.5999999999999943,1.2000000000000457,2.9000000000000057,1.215,1.158,-1.215,0.879
1938.965,0.5999999999999943,1.2000000000000457,2.9000000000000057,1.215,1.158,-1.215,0.879
1941.179,0.5999999999999943,1.2000000000000457,2.9000000000000057,1.215,1.158,-1.215,0.879
1943.205,0.5999999999999943,1.2000000000000457,2.9000000000000057,1.215,1.158,-1.215,0.879
1945.172,0.5999999999999943,1.2000000000000457,2.9000000000000057,1.215,1.158,-1.215,0.773
1947.187,0.5999999999999943,1.2000000000000457,2.9000000000000057,1.215,1.158,-1.215,0.773
1949.181,0.5999999999999943,1.2000000000000457,2.9000000000000057,1.215,1.158,-1.215,0.773
1951.308,0.5999999999999943,1.2000000000000457,2.9000000000000057,1.215,1.158,-1.215,0.773
1953.308,0.5999999999999943,1.2000000000000457,2.800000000000012,1.215,1.159,-1.215,0.879
1955.306,0.5999999999999943,1.2000000000000457,2.800000000000012,1.215,1.159,-1.215,0.879
1957.297,0.5999999999999943,1.2000000000000457,2.800000000000012,1.215,1.159,-1.215,0.879
1959.369,0.5999999999999943,1.2000000000000457,2.800000000000012,1.215,1.159,-1.215,0.879
1961.367,0.5999999999999943,1.2000000000000457,2.800000000000012,1.215,1.159,-1.215,0.879
1963.362,0.5999999999999943,1.2000000000000457,2.5999999999999943,1.215,1.159,-1.215,0.879
1967.588,0.5999999999999943,1.2000000000000457,2.5999999999999943,1.215,1.159,-1.215,0.879
1969.586,0.5999999999999943,1.2000000000000457,2.5999999999999943,1.215,1.159,-1.215,0.879
1971.591,0.5999999999999943,1.2000000000000457,2.5999999999999943,1.215,1.159,-1.215,0.949
1973.582,0.5999999999999943,1.2000000000000457,2.5999999999999943,1.215,1.159,-1.215,0.949
1975.671,0.5999999999999943,1.2000000000000457,2.5999999999999943,1.215,1.159,-1.215,0.949
1979.697,0.5999999999999943,1.2000000000000457,2.5999999999999943,1.215,1.159,-1.215,0.949
1982.114,0.5999999999999943,1.2000000000000457,2.5,1.215,1.159,-1.215,0.914
1984.132,0.5999999999999943,1.2000000000000457,2.5,1.215,1.159,-1.215,0.914
1986.638,0.5999999999999943,1.2000000000000457,2.5,1.215,1.159,-1.215,0.914
1988.669,0.5999999999999943,1.1000000000000227,2.5,1.215,1.159,-1.215,0.809
1990.694,0.5999999999999943,1.1000000000000227,2.5,1.215,1.159,-1.215,0.809
1992.692,0.5999999999999943,1.1000000000000227,2.5,1.215,1.159,-1.215,0.809
1996.96,0.5999999999999943,1.1000000000000227,2.5,1.215,1.159,-1.215,0.809
1998.977,0.5999999999999943,1.1000000000000227,2.4000000000000057,1.215,1.159,-1.215,0.879
2000.952,0.5999999999999943,1.1000000000000227,2.4000000000000057,1.215,1.159,-1.215,0.879
2003.117,0.5999999999999943,1.1000000000000227,2.4000000000000057,1.215,1.159,-1.215,0.879
2005.183,0.5999999999999943,1.1000000000000227,2.4000000000000057,1.215,1.159,-1.215,0.879
2006.852,0.5999999999999943,1.1000000000000227,2.300000000000012,1.215,1.159,-1.215,0.879
2008.548,0.5999999999999943,1.1000000000000227,2.300000000000012,1.215,1.159,-1.215,0.879
2012.337,0.5999999999999943,1.1000000000000227,2.300000000000012,1.215,1.159,-1.215,0.879
2014.334,0.5999999999999943,1.1000000000000227,2.300000000000012,1.215,1.159,-1.215,0.879
2016.329,0.5999999999999943,1.2000000000000457,2.200000000000017,1.215,1.159,-1.215,0.879
2018.327,0.5999999999999943,1.2000000000000457,2.200000000000017,1.215,1.159,-1.215,0.879
2020.32,0.5999999999999943,1.2000000000000457,2.200000000000017,1.215,1.159,-1.215,0.879
2022.314,0.5999999999999943,1.2000000000000457,2.200000000000017,1.215,1.159,-1.215,0.879
2024.343,0.5999999999999943,1.2000000000000457,2.0999999999999943,1.215,1.159,-1.215,0.844
2026.693,0.5999999999999943,1.2000000000000457,2.0999999999999943,1.215,1.159,-1.215,0.844
2028.722,0.5999999999999943,1.2000000000000457,2.0999999999999943,1.215,1.159,-1.215,0.844
2030.705,0.5999999999999943,1.2000000000000457,2.0999999999999943,1.215,1.159,-1.215,0.844
2032.801,0.5999999999999943,1.2000000000000457,2.0999999999999943,1.215,1.159,-1.215,0.844
2034.826,0.5999999999999943,1.2000000000000457,2.0999999999999943,1.215,1.159,-1.214,0.879
2036.794,0.5999999999999943,1.2000000000000457,2.0999999999999943,1.215,1.159,-1.214,0.879
2038.7940000000003,0.5999999999999943,1.2000000000000457,2.0999999999999943,1.215,1.159,-1.214,0.879
2041.801,0.5999999999999943,1.2000000000000457,2.0999999999999943,1.215,1.159,-1.214,0.879
2043.776,0.5999999999999943,1.2000000000000457,2.0,1.215,1.159,-1.214,0.914
2045.77,0.5999999999999943,1.2000000000000457,2.0,1.215,1.159,-1.214,0.914
2047.764,0.5999999999999943,1.2000000000000457,2.0,1.215,1.159,-1.214,0.914
2049.765,0.5999999999999943,1.2000000000000457,2.0,1.215,1.159,-1.214,0.914
2051.758,0.5999999999999943,1.1000000000000227,2.0,1.215,1.159,-1.214,0.984
2053.751,0.5999999999999943,1.1000000000000227,2.0,1.215,1.159,-1.214,0.984
2055.751,0.5999999999999943,1.1000000000000227,2.0,1.215,1.159,-1.214,0.984
2057.846,0.5999999999999943,1.1000000000000227,2.0,1.215,1.159,-1.214,0.984
2060.077,0.5999999999999943,1.1000000000000227,2.0,1.215,1.159,-1.214,0.984
2062.124,0.5999999999999943,1.1000000000000227,1.9000000000000057,1.216,1.159,-1.214,0.984
2064.111,0.5999999999999943,1.1000000000000227,1.9000000000000057,1.216,1.159,-1.214,0.984
2067.082,0.5999999999999943,1.1000000000000227,1.9000000000000057,1.216,1.159,-1.214,0.984
2069.077,0.5999999999999943,1.1000000000000227,1.8000000000000114,1.216,1.159,-1.214,0.809
2071.052,0.5999999999999943,1.1000000000000227,1.8000000000000114,1.216,1.159,-1.214,0.809
2074.048,0.5999999999999943,1.1000000000000227,1.8000000000000114,1.216,1.159,-1.214,0.809
2076.21,0.5999999999999943,1.1000000000000227,1.8000000000000114,1.216,1.159,-1.214,0.809
2078.272,0.5999999999999943,1.1000000000000227,1.8000000000000114,1.216,1.159,-1.214,0.809
2080.398,0.5999999999999943,1.1000000000000227,1.8000000000000114,1.216,1.159,-1.214,0.843
2082.395,0.5999999999999943,1.1000000000000227,1.8000000000000114,1.216,1.159,-1.214,0.843
2084.411,0.5999999999999943,1.1000000000000227,1.8000000000000114,1.216,1.159,-1.214,0.843
2086.917,0.5999999999999943,1.1000000000000227,1.8000000000000114,1.216,1.159,-1.214,0.843
2088.92,0.5999999999999943,1.1000000000000227,1.700000000000017,1.216,1.16,-1.214,0.95
2090.91,0.5999999999999943,1.1000000000000227,1.700000000000017,1.216,1.16,-1.214,0.95
2093.012,0.5999999999999943,1.1000000000000227,1.700000000000017,1.216,1.16,-1.214,0.95
2095.05,0.5999999999999943,1.1000000000000227,1.700000000000017,1.216,1.16,-1.214,0.95
2097.005,0.5999999999999943,1.1000000000000227,1.700000000000017,1.216,1.16,-1.214,0.95
2099.271,0.5999999999999943,1.1000000000000227,1.5999999999999943,1.216,1.16,-1.214,0.985
2101.328,0.5999999999999943,1.1000000000000227,1.5999999999999943,1.216,1.16,-1.214,0.985
2103.263,0.5999999999999943,1.1000000000000227,1.5999999999999943,1.216,1.16,-1.214,0.985
2105.3160000000003,0.5999999999999943,1.1000000000000227,1.5999999999999943,1.216,1.16,-1.214,0.985
2107.346,0.5999999999999943,1.1000000000000227,1.5,1.216,1.16,-1.214,0.879
2109.723,0.5999999999999943,1.1000000000000227,1.5,1.216,1.16,-1.214,0.879
2111.745,0.5999999999999943,1.1000000000000227,1.5,1.216,1.16,-1.214,0.879
2113.7380000000003,0.5999999999999943,1.1000000000000227,1.5,1.216,1.16,-1.214,0.879
2115.735,0.5999999999999943,1.1000000000000227,1.5,1.216,1.16,-1.214,0.949
2117.763,0.5999999999999943,1.1000000000000227,1.5,1.216,1.16,-1.214,0.949
2119.7270000000003,0.5999999999999943,1.1000000000000227,1.5,1.216,1.16,-1.214,0.949
2121.752,0.5999999999999943,1.1000000000000227,1.5,1.216,1.16,-1.214,0.949
2125.04,0.5999999999999943,1.1000000000000227,1.4000000000000057,1.216,1.16,-1.214,0.879
2127.042,0.5999999999999943,1.1000000000000227,1.4000000000000057,1.216,1.16,-1.214,0.879
2129.2,0.5999999999999943,1.1000000000000227,1.4000000000000057,1.216,1.16,-1.214,0.879
2131.198,0.5999999999999943,1.1000000000000227,1.4000000000000057,1.216,1.16,-1.214,0.879
2133.2360000000003,0.5999999999999943,1.1000000000000227,1.4000000000000057,1.216,1.16,-1.214,0.949
2135.208,0.5999999999999943,1.1000000000000227,1.4000000000000057,1.216,1.16,-1.214,0.949
2137.182,0.5999999999999943,1.1000000000000227,1.4000000000000057,1.216,1.16,-1.214,0.949
2139.177,0.5999999999999943,1.1000000000000227,1.4000000000000057,1.216,1.16,-1.214,0.949
2141.205,0.5999999999999943,1.1000000000000227,1.4000000000000057,1.216,1.16,-1.214,0.949
2143.246,0.5999999999999943,1.1000000000000227,1.3000000000000114,1.216,1.16,-1.214,0.949
2145.1980000000003,0.5999999999999943,1.1000000000000227,1.3000000000000114,1.216,1.16,-1.214,0.949
2147.574,0.5999999999999943,1.1000000000000227,1.3000000000000114,1.216,1.16,-1.214,0.949
2149.623,0.5999999999999943,1.1000000000000227,1.3000000000000114,1.216,1.16,-1.214,0.949
2151.566,0.5999999999999943,1.0,1.3000000000000114,1.216,1.16,-1.214,0.984
2153.561,0.5999999999999943,1.0,1.3000000000000114,1.216,1.16,-1.214,0.984
2160.545,0.5999999999999943,1.0,1.3000000000000114,1.216,1.16,-1.214,0.984
2196.9660000000003,0.5999999999999943,1.0,1.3000000000000114,1.216,1.16,-1.214,0.984
2198.961,0.5999999999999943,1.0,1.200000000000017,1.216,1.16,-1.214,0.914
2200.9880000000003,0.5999999999999943,1.0,1.200000000000017,1.216,1.16,-1.214,0.914
2202.951,0.5999999999999943,1.0,1.0,1.216,1.16,-1.214,0.985
2204.957,0.5999999999999943,1.0,1.0,1.216,1.16,-1.214,0.985
2208.934,0.5999999999999943,1.0,1.0,1.216,1.16,-1.214,0.985
2218.909,0.5999999999999943,1.0,1.0,1.216,1.16,-1.214,0.985
2222.898,0.5999999999999943,1.0,1.0,1.216,1.16,-1.214,0.914
2224.8920000000003,0.5999999999999943,1.0,0.9000000000000057,1.216,1.16,-1.214,0.985
2227.112,0.5999999999999943,1.0,0.9000000000000057,1.216,1.16,-1.214,0.985
2229.395,0.5999999999999943,1.0,0.9000000000000057,1.216,1.16,-1.214,0.985
2231.397,0.5999999999999943,1.0,0.9000000000000057,1.216,1.16,-1.214,0.985
2233.387,0.5999999999999943,1.0,0.9000000000000057,1.217,1.16,-1.214,1.055
2235.387,0.5999999999999943,1.0,0.9000000000000057,1.217,1.16,-1.214,1.055
2237.38,0.5999999999999943,1.0,0.9000000000000057,1.217,1.16,-1.214,1.055
2239.377,0.5999999999999943,1.0,0.9000000000000057,1.217,1.16,-1.214,1.055
2241.366,0.5999999999999943,1.0,0.9000000000000057,1.217,1.16,-1.214,0.985
2243.365,0.5999999999999943,1.0,0.9000000000000057,1.217,1.16,-1.214,0.985
2245.556,0.5999999999999943,1.0,0.9000000000000057,1.217,1.16,-1.214,0.985
2247.608,0.5999999999999943,1.0,0.9000000000000057,1.217,1.16,-1.214,0.985
2249.548,0.5999999999999943,1.0,0.9000000000000057,1.217,1.16,-1.214,0.949
2251.547,0.5999999999999943,1.0,0.9000000000000057,1.217,1.16,-1.214,0.949
2253.539,0.5999999999999943,1.0,0.9000000000000057,1.217,1.16,-1.214,0.949
2255.533,0.5999999999999943,1.0,0.9000000000000057,1.217,1.16,-1.214,0.949
2257.802,0.5999999999999943,1.0,0.9000000000000057,1.217,1.16,-1.214,0.949
2259.8,0.5999999999999943,1.0,0.9000000000000057,1.217,1.16,-1.214,0.949
2261.857,0.5999999999999943,1.0,0.9000000000000057,1.217,1.16,-1.214,0.949
2263.881,0.5999999999999943,1.0,0.9000000000000057,1.217,1.16,-1.214,0.949
2265.855,0.5999999999999943,1.0,0.9000000000000057,1.217,1.16,-1.214,0.949
2267.853,0.5999999999999943,1.0,0.9000000000000057,1.217,1.16,-1.214,0.879
2269.844,0.5999999999999943,1.0,0.9000000000000057,1.217,1.16,-1.214,0.879
2271.847,0.5999999999999943,1.0,0.9000000000000057,1.217,1.16,-1.214,0.879
2273.858,0.5999999999999943,1.0,0.9000000000000057,1.217,1.16,-1.214,0.879
2275.8500000000004,0.5999999999999943,1.0,0.9000000000000057,1.217,1.16,-1.214,0.95
2278.039,0.5999999999999943,1.0,0.9000000000000057,1.217,1.16,-1.214,0.95
2280.08,0.5999999999999943,1.0,0.9000000000000057,1.217,1.16,-1.214,0.95
2282.032,0.5999999999999943,1.0,0.9000000000000057,1.217,1.16,-1.214,0.95
2286.041,0.5999999999999943,1.0,0.9000000000000057,1.217,1.16,-1.214,0.95
2290.203,0.5999999999999943,1.0,0.9000000000000057,1.217,1.16,-1.214,0.95
2292.231,0.5999999999999943,1.0,0.9000000000000057,1.217,1.16,-1.214,0.95
2294.171,0.5999999999999943,1.0,0.9000000000000057,1.217,1.16,-1.214,0.985
2296.161,0.5999999999999943,1.0,0.9000000000000057,1.217,1.16,-1.214,0.985
2298.182,0.5999999999999943,1.0,0.9000000000000057,1.217,1.16,-1.214,0.985
2300.1800000000003,0.5999999999999943,1.0,0.9000000000000057,1.217,1.16,-1.214,0.985
2302.195,0.5999999999999943,1.0,0.9000000000000057,1.217,1.16,-1.214,0.985
2304.173,0.5999999999999943,1.0,0.9000000000000057,1.217,1.16,-1.214,0.985
2306.186,0.5999999999999943,1.0,0.9000000000000057,1.217,1.16,-1.214,0.985
2308.1580000000004,0.5999999999999943,1.0,0.9000000000000057,1.217,1.16,-1.214,0.985
2310.18,0.5999999999999943,1.0,0.9000000000000057,1.217,1.16,-1.214,0.985
2312.434,0.5999999999999943,1.0,0.9000000000000057,1.217,1.16,-1.214,0.879
2314.476,0.5999999999999943,1.0,0.9000000000000057,1.217,1.16,-1.214,0.879
2316.43,0.5999999999999943,1.0,0.9000000000000057,1.217,1.16,-1.214,0.879
2318.427,0.5999999999999943,1.0,0.9000000000000057,1.217,1.16,-1.214,0.879
2320.422,0.5999999999999943,1.0,0.9000000000000057,1.217,1.16,-1.214,1.02
2322.7540000000004,0.5999999999999943,1.0,0.9000000000000057,1.217,1.16,-1.214,1.02
2324.791,0.5999999999999943,1.0,0.9000000000000057,1.217,1.16,-1.214,1.02
2326.805,0.5999999999999943,1.0,0.9000000000000057,1.217,1.16,-1.214,1.02
2328.808,0.5999999999999943,1.0,0.9000000000000057,1.217,1.16,-1.214,1.02
2330.803,0.5999999999999943,1.0,0.9000000000000057,1.217,1.16,-1.214,0.985
2332.8030000000003,0.5999999999999943,1.0,0.9000000000000057,1.217,1.16,-1.214,0.985
2334.7920000000004,0.5999999999999943,1.0,0.9000000000000057,1.217,1.16,-1.214,0.985
2336.7870000000003,0.5999999999999943,1.0,0.9000000000000057,1.217,1.16,-1.214,0.985
2338.784,0.5999999999999943,1.0,0.9000000000000057,1.217,1.16,-1.214,0.914
2340.777,0.5999999999999943,1.0,0.9000000000000057,1.217,1.16,-1.214,0.914
2343.054,0.5999999999999943,1.0,0.9000000000000057,1.217,1.16,-1.214,0.914
2345.458,0.5999999999999943,1.0,0.9000000000000057,1.217,1.16,-1.214,0.914
2347.4750000000004,0.5999999999999943,1.0,0.9000000000000057,1.217,1.16,-1.214,0.984
2349.449,0.5999999999999943,1.0,0.9000000000000057,1.217,1.16,-1.214,0.984
2351.445,0.5999999999999943,1.0,0.9000000000000057,1.217,1.16,-1.214,0.984
2353.44,0.5999999999999943,1.0,0.9000000000000057,1.217,1.16,-1.214,0.984
2355.443,0.5999999999999943,1.0,0.9000000000000057,1.217,1.16,-1.214,0.984
2358.426,0.5999999999999943,1.0,0.9000000000000057,1.217,1.16,-1.214,0.985
2360.4210000000003,0.5999999999999943,1.0,0.9000000000000057,1.217,1.16,-1.214,0.985
2362.415,0.5999999999999943,1.0,0.9000000000000057,1.217,1.16,-1.214,0.985
2364.409,0.5999999999999943,1.0,0.9000000000000057,1.217,1.16,-1.214,0.985
2366.406,0.5999999999999943,1.0,0.9000000000000057,1.217,1.16,-1.214,0.914
2368.3990000000003,0.5999999999999943,1.0,0.9000000000000057,1.217,1.16,-1.214,0.914
2370.396,0.5999999999999943,1.0,0.9000000000000057,1.217,1.16,-1.214,0.914
2373.406,0.5999999999999943,1.0,0.9000000000000057,1.217,1.16,-1.214,0.914
2375.3920000000003,0.5999999999999943,1.0,0.9000000000000057,1.217,1.16,-1.214,0.984
2379.382,0.5999999999999943,1.0,0.9000000000000057,1.217,1.16,-1.214,0.984
2381.376,0.5999999999999943,1.0,0.9000000000000057,1.217,1.16,-1.214,0.984
